ra,ra_error,dec,dec_error,source_id,parallax,parallax_error,ra_dec_corr,ra_parallax_corr,dec_parallax_corr
266.93019516646,1.3988,-26.78838636305,1.2467,4066823550991787392,-0.3317,1.0909,0.2582,0.1788,-0.2169
266.93450393186,0.815,-26.7878011818,0.7861,4066823551001302784,0.9549,1.001,0.292,-0.0832,-0.4476
266.93132825376,0.2592,-26.78582733355,0.2343,4066823546680077312,0.3775,0.2514,0.5375,0.1102,-0.2034
266.92630293705,1.0094,-26.78941948599,0.9233,4066823546685562368,1.5067,0.8649,0.6132,0.1684,-0.2349
266.92505069436,1.0593,-26.78703471596,0.9614,4066823551001320064,-1.2225,1.2238,0.2219,0.0826,-0.3924
266.92642826708,0.2302,-26.78566192447,0.2216,4066823546685562240,0.0135,0.289,0.1654,-0.1161,-0.5125
266.9311351731,1.3447,-26.78418313491,1.2372,4066823550980076160,-1.5849,1.2561,0.5917,0.0102,-0.2359
266.93046019269,0.417,-26.78452694345,0.3775,4066823546685567104,1.4423,0.3854,0.4865,0.1662,-0.2356
266.9277381482,1.1598,-26.78499137773,1.0168,4066823550980091136,-2.4234,1.0947,0.5216,0.2697,-0.2278
266.92782913107,1.4488,-26.7845712431,1.2911,4066823550980091008,0.6933,1.339,0.4669,0.2134,-0.1625
266.92699282635,1.107,-26.78488280439,1.0241,4066823550980097664,2.3801,1.1766,0.4638,0.0585,-0.3321
266.91595822211,0.3792,-26.79021199401,0.3432,4066823546685549696,0.2152,0.3817,0.4234,0.0798,-0.2748
266.91658387845,0.6608,-26.79050617924,0.6147,4066823550980127616,-0.2314,0.7557,0.256,0.0329,-0.3784
266.9224192651,0.6825,-26.78833769978,0.6124,4066823551001321472,-1.8274,0.6692,0.4708,0.0434,-0.2686
266.92289382254,1.4199,-26.78689605371,1.2269,4066823550980110464,0.8182,1.1006,0.6524,0.318,-0.102
266.91935183236,0.7176,-26.78839127618,0.6679,4066823550980125440,0.1718,0.8043,0.2308,0.1574,-0.3654
266.92008430982,0.7519,-26.78710027513,0.6827,4066823551001328128,0.9791,0.7682,0.4462,0.1219,-0.2822
266.92051915114,0.321,-26.78741547103,0.2852,4066823550980124928,0.6614,0.3036,0.493,0.0799,-0.242
266.92066881739,0.0942,-26.78621621563,0.084,4066823551001330304,0.962,0.0909,0.4262,0.1254,-0.2257
266.92184205322,0.4386,-26.78629449718,0.3969,4066823550980124160,0.3477,0.4363,0.4414,0.0959,-0.2705
266.91491444319,0.9323,-26.78563552305,0.8846,4066823550980178432,2.9041,1.0441,0.2124,0.0215,-0.4163
266.91497501949,0.1659,-26.78677522973,0.1564,4066823546680074368,0.6861,0.1851,0.2914,-2.0E-4,-0.4063
266.91989108962,0.3786,-26.78478892803,0.3414,4066823551001334400,0.4985,0.3772,0.43,0.0721,-0.2755
266.91791638618,1.2611,-26.7848194141,1.104,4066823546685552384,-2.1351,1.215,0.4907,0.2506,-0.2072
266.92403837008,0.4129,-26.78681258573,0.3736,4066823546680072832,0.4924,0.4135,0.4423,0.0632,-0.2745
266.92450908665,0.8985,-26.78595014228,0.7981,4066823550980106368,0.121,0.989,0.2592,-0.0854,-0.2363
266.9218817005,1.2171,-26.78509473007,1.0737,4066823550980133888,0.9287,1.4852,0.2773,0.4226,-0.426
266.92649485851,1.7854,-26.78358789166,1.5499,4066823551003251712,-1.6924,1.2564,0.5098,0.231,-0.0177
266.92330310976,0.5056,-26.78265950964,0.4621,4066823550980142464,0.691,0.5068,0.388,0.0906,-0.2321
266.92278774009,0.714,-26.78300570214,0.644,4066823550980144256,2.1407,0.7084,0.4754,0.0536,-0.2688
266.92283233102,0.709,-26.782777107,0.6314,4066823550980144128,2.5905,0.6631,-0.1139,-0.0343,-0.2101
266.92083531235,0.392,-26.78217414628,0.3461,4066823546697463936,0.3352,0.4157,0.3306,-0.0218,-0.1848
266.92094186435,0.5537,-26.78039949613,0.5383,4066823550980179200,-0.2102,0.682,0.2008,-0.0263,-0.4724
266.92319809882,0.3949,-26.78153626834,0.3589,4066823550980156032,0.5691,0.4003,0.3905,0.1576,-0.2919
266.92505149043,0.3879,-26.77868875164,0.3467,4066823550980165632,0.1999,0.3527,0.468,0.0766,-0.1736
266.92428625529,0.1313,-26.77929710066,0.119,4066823546680104448,0.5624,0.1268,0.5181,0.0456,-0.2431
266.92319271465,0.5501,-26.77995837853,0.5095,4066823550980168448,0.2995,0.6308,0.3434,-0.0194,-0.345
266.92220930596,1.8617,-26.77921688785,1.5827,4066823550980175744,1.7951,1.5837,-0.0924,-0.1182,0.1555
266.92285147683,0.2636,-26.77925539692,0.2451,4066823550980175872,1.0749,0.3036,0.3285,-0.138,-0.4068
266.97046954606,1.7845,-26.81528567631,1.8578,4066823585352632320,-3.2506,1.4748,-0.3797,-0.1423,0.4849
266.9648062816,0.661,-26.81478109874,0.617,4066823581044169344,2.0133,0.8058,0.0624,0.052,-0.3036
266.96413074435,0.5791,-26.8152977252,0.5396,4066823585339405312,0.0921,0.7079,0.0761,0.0589,-0.2965
266.96750449045,0.7597,-26.81246893553,0.7051,4066823585339405056,-0.8181,0.8912,0.1232,0.0102,-0.1624
266.96759622137,0.7143,-26.81201290979,0.6545,4066823581044172416,-0.9132,0.8674,0.0474,-0.0881,-0.2154
266.96862552096,0.4443,-26.81081406485,0.4297,4066823581044173568,0.5882,0.5866,-0.1066,0.1857,-0.3917
266.96975920143,0.5991,-26.81146801827,0.5825,4066823585339401856,-0.1015,0.7949,-0.0745,0.2016,-0.4098
266.9674026868,0.4608,-26.81102277414,0.4261,4066823581044172160,0.4477,0.4798,0.3332,0.171,-0.0014
266.9676917099,0.9788,-26.80888910358,0.9573,4066823581044172800,3.706,1.2426,-0.2014,0.2209,-0.4189
266.97097936055,1.0184,-26.81108389686,1.0127,4066823585339400832,1.183,1.5526,0.1292,0.1481,-0.4951
266.97210845531,0.5298,-26.81214584062,0.5142,4066823581044177152,0.1605,0.7273,-0.0465,0.1536,-0.4232
266.97273922445,0.5325,-26.80914600977,0.4932,4066823581044176384,1.1002,0.639,0.12,0.0416,-0.2784
266.97257761343,0.8413,-26.8097007603,0.8119,4066823585339400960,0.9258,1.1422,-0.0986,0.1518,-0.4244
266.97645044359,0.5109,-26.80966899183,0.4737,4066823581044182144,-0.0539,0.6253,0.1047,-0.0028,-0.3031
266.97746076707,0.6304,-26.80950990084,0.6125,4066823585339389056,-0.397,0.8623,-0.048,0.1818,-0.4389
266.97537392288,0.5208,-26.80815480883,0.488,4066823585339399424,0.4466,0.5967,0.0074,0.1072,-0.3428
266.97639261053,0.6088,-26.80664810583,0.565,4066823585339400320,0.6643,0.7241,0.0799,0.0553,-0.2845
266.97169620347,0.4847,-26.80916029442,0.4338,4066823585360932992,0.9363,0.5517,0.287,0.2621,-0.2124
266.97151498057,0.2669,-26.80760912486,0.2394,4066823585360934528,1.1946,0.254,0.4221,0.2505,0.0066
266.96963467738,1.435,-26.80913270819,1.3971,4066823585339409792,2.5365,1.8062,0.2016,0.2498,-0.4314
266.97059100601,0.6,-26.80676965909,0.5687,4066823585339415424,0.1729,0.7167,-0.0222,0.1344,-0.3697
266.97332822382,0.7804,-26.80770702161,0.7164,4066823581044178560,1.1602,0.8769,0.2017,0.1006,-0.1909
266.97397130316,1.8992,-26.80705416404,1.6729,4066823585352626560,-2.2415,1.4964,0.1519,0.2217,-0.1523
266.97201183982,0.5622,-26.80644109793,0.5211,4066823585339411840,0.309,0.6877,0.0564,0.035,-0.2971
266.97374344667,0.5172,-26.80533478892,0.4841,4066823585339410816,-0.247,0.6262,0.0412,0.0955,-0.3173
266.96508759755,1.3199,-26.81041863725,1.3896,4066823585362466176,2.2197,1.795,0.0632,0.1817,-0.5746
266.96503478505,0.0698,-26.80843113784,0.065,4066823581039741952,0.4578,0.077,-0.0088,0.0322,-0.2067
266.96493610854,0.3567,-26.80712746339,0.3177,4066823585339434112,0.4095,0.3938,0.2186,0.3418,-0.1468
266.96542669632,0.4274,-26.80728492677,0.3825,4066823585339431040,0.6762,0.4827,0.2908,0.3235,-0.1146
266.96505088036,0.1888,-26.80602959418,0.1839,4066823581054784128,0.272,0.2391,-0.1267,0.1109,-0.4183
266.96017951764,1.1557,-26.80843044837,1.0898,4066823581044164096,-0.8097,1.1107,0.5563,-0.0199,-0.246
266.95956901224,0.7877,-26.80645628719,0.7338,4066823581044163456,-1.9332,0.9151,-0.0211,0.0397,-0.2654
266.96188771137,0.3732,-26.8072497889,0.3376,4066823581044165632,0.3167,0.3694,0.3952,0.1525,-0.0286
266.96244339974,0.345,-26.80809361273,0.321,4066823581044166400,-0.4571,0.3972,0.0403,0.033,-0.3012
266.96376665462,0.3106,-26.80678063476,0.2815,4066823585339441408,1.0643,0.3202,0.3093,0.2659,-0.0937
266.96070527077,0.4153,-26.80516147346,0.3874,4066823585339467008,-0.276,0.5074,0.0877,0.0525,-0.2971
266.9635751523,0.5604,-26.80452611798,0.5173,4066823585339455360,-0.0368,0.6802,-0.3914,-0.0413,-0.1805
266.96328658173,0.2804,-26.8045814965,0.2478,4066823581039746816,0.7878,0.3145,0.2252,0.3592,-0.1488
266.96736052016,0.703,-26.80750240604,0.6826,4066823585339424256,0.3707,0.9188,-0.1053,0.2245,-0.4196
266.96512697971,0.5733,-26.8057522484,0.5543,4066823585360943488,1.0393,0.7884,-0.0626,0.1313,-0.3786
266.96681366762,0.2269,-26.80639923079,0.2165,4066823581044171648,0.9062,0.2779,-0.0136,0.147,-0.3265
266.96794511681,1.6215,-26.80394238424,1.284,4066823585352618496,-0.3271,1.2355,-0.0062,0.4524,-0.0563
266.97104596453,0.2091,-26.80494441124,0.1886,4066823585360938112,0.6314,0.2084,0.3542,0.1878,-0.0816
266.97134596196,1.2412,-26.80366730556,1.1652,4066823585360939648,2.8513,1.2806,0.5218,-0.063,-0.266
266.96467341745,1.4823,-26.80366666912,1.4105,4066823585339454464,1.3327,1.6974,0.2145,0.2654,-0.3668
266.96491347552,0.8299,-26.80325548606,0.8852,4066823585360948096,1.1829,1.3511,0.1071,-0.1143,-0.5713
266.9650575484,0.0921,-26.80170216835,0.0879,4066823581039758208,0.3592,0.1046,-0.1697,0.2418,-0.3615
266.96432568471,0.1204,-26.80222413865,0.1139,4066823585339465856,0.4489,0.1437,-0.0577,0.1614,-0.3014
266.96768555916,0.6639,-26.80102452686,0.6173,4066823581044172544,0.6307,0.8055,0.0852,0.0484,-0.3038
266.96904341123,0.3713,-26.80104280308,0.3441,4066823581044173952,0.6502,0.4322,0.0856,0.0086,-0.3041
266.96804594088,0.3556,-26.80042052432,0.331,4066823585339456896,0.8535,0.4208,0.0753,0.121,-0.3012
266.96785753311,0.2307,-26.79829433682,0.2105,4066823581045349248,0.3576,0.2496,0.197,-1.0E-4,-0.199
266.96809162893,0.6434,-26.7997603042,0.5906,4066823585346039296,1.6611,0.7317,-0.0138,0.0558,-0.2748
266.9811019724,0.3485,-26.80609068757,0.3013,4066776680001315072,0.8392,0.3481,0.4194,0.205,-0.071
266.97742465066,0.5122,-26.80539038899,0.4776,4066823615403921280,0.8181,0.6212,0.0606,0.0275,-0.303
266.97889647488,0.2369,-26.80469864863,0.2115,4066823615403923072,0.6316,0.2785,0.1145,-0.0665,-0.3077
266.98243948268,0.5432,-26.80481295348,0.5031,4066823615403927040,0.8313,0.662,0.0837,-0.0102,-0.2894
266.97588442114,0.5768,-26.80358679389,0.5377,4066823615403919488,0.3477,0.7108,0.0818,-0.0315,-0.2457
266.97684786686,1.7253,-26.80268219631,1.4927,4066823619707453568,0.0193,1.9617,-0.1809,0.35,-0.4488
266.9740230694,0.1667,-26.80253158309,0.1472,4066823615399491840,0.2575,0.1839,0.265,0.0863,-0.2144
266.97418342152,0.7221,-26.80382877168,0.6672,4066823619699153408,1.0456,0.8181,0.2153,0.0978,-0.2276
266.97576939507,1.0305,-26.8014321466,0.8712,4066823619699158784,1.3851,1.0932,0.4546,0.2749,-0.086
266.97757342896,0.2503,-26.80019195262,0.2214,4066823615403921536,0.4372,0.2763,0.2424,-0.018,-0.2302
266.9831139351,1.2844,-26.80120523429,1.0101,4066823619707452800,2.3591,1.1504,0.467,0.3601,-0.0413
266.98597208794,1.2683,-26.79654149795,1.1052,4066823619699145344,1.194,1.3269,0.4113,-0.058,-0.3262
266.98159385,0.2624,-26.79792047418,0.226,4066823619720673920,0.3045,0.26,0.4314,0.2069,-0.0582
266.98328858342,0.4648,-26.79718234392,0.4346,4066823619699149312,0.7426,0.5563,0.0837,0.0967,-0.3045
266.98137538178,1.3562,-26.79594005343,1.1113,4066823619707456384,0.1222,1.1845,0.5958,0.1556,-0.1903
266.98409713316,0.3024,-26.79656754501,0.2616,4066823615405105408,0.9721,0.2993,0.4394,0.1861,-0.0423
266.98543811292,0.5978,-26.79645269914,0.5565,4066823615405107200,0.0164,0.7173,0.0877,0.0471,-0.2831
266.97453904605,1.0137,-26.80170414102,0.8828,4066823619722477568,-1.3701,1.1723,0.3487,0.0939,-0.3647
266.97242737883,1.792,-26.80019912598,1.4317,4066823619707457792,-0.0748,1.6126,0.5495,0.2659,-0.1864
266.97785186128,0.4962,-26.79822717604,0.4559,4066823619720677888,-0.724,0.5983,0.0702,0.0039,-0.2611
266.97705430815,1.1332,-26.79865485864,0.9575,4066823619707456512,-0.6689,1.159,0.284,0.1994,-0.2354
266.97346303843,0.7215,-26.79699532448,0.6625,4066823619720685312,-3.1254,0.876,0.0363,0.0226,-0.2582
266.97470628095,0.229,-26.79452529,0.2007,4066823619720687488,0.1095,0.2505,0.1879,-0.0124,-0.2154
266.97269954842,0.8271,-26.79393196784,0.7234,4066823615405094144,0.3798,0.9401,0.4297,0.1244,-0.315
266.97450910936,0.5803,-26.79400104462,0.5641,4066823619720689280,-0.3422,0.7732,-0.0199,0.1116,-0.4431
266.9723035689,1.4286,-26.79441667637,1.2427,4066823619707462400,-0.8177,1.4997,0.3614,-0.0277,-0.3399
266.97989723529,1.2335,-26.79687401058,1.0997,4066823619705772800,3.0125,1.2321,0.5106,-0.0016,-0.2826
266.97895102086,0.4784,-26.79340049478,0.4484,4066823619699182464,0.9218,0.5708,0.0873,0.0777,-0.3046
266.98125353985,0.7,-26.79102573153,0.6483,4066823615405103104,0.823,0.8421,0.0962,0.0524,-0.2734
266.97772129443,1.5672,-26.79261068364,1.2337,4066823619707460096,-1.0233,1.3671,0.4852,0.3401,0.0085
266.97544334391,0.8169,-26.79118574809,0.6829,4066823619699214336,0.9662,0.6824,-0.6289,-0.3868,0.2576
266.97510862304,0.1897,-26.79163567677,0.1699,4066823615399531136,0.4473,0.227,0.1367,-0.0572,-0.3118
266.97597440253,0.3638,-26.79089583289,0.3349,4066823615405096832,0.4007,0.4173,0.0656,0.0074,-0.2822
266.98039863336,0.7646,-26.79028889134,0.702,4066823615405101824,3.3889,0.941,0.0996,-0.0194,-0.278
266.97698117509,0.6287,-26.79019568452,0.5826,4066823615405097472,-1.0551,0.753,0.077,0.0345,-0.2755
266.9791345276,0.1154,-26.78800076367,0.1009,4066823615399543936,0.4834,0.1266,0.154,-0.0304,-0.2173
266.95622486368,0.562,-26.8068027696,0.5479,4066823654080433280,1.3661,0.6945,0.2452,-0.0396,-0.466
266.95553599993,0.3409,-26.80620008512,0.3002,4066823654058965504,0.3989,0.3277,0.4085,0.2575,-0.0943
266.95604673641,0.2161,-26.80399308876,0.1907,4066823654058976384,0.3847,0.211,0.3688,0.2127,-0.1055
266.9577288443,0.5409,-26.80430709639,0.4974,4066823649763637376,0.9143,0.654,0.0686,-0.0039,-0.2659
266.95836244465,0.5711,-26.80453653824,0.5327,4066823654080433408,0.4686,0.6814,0.0737,0.0779,-0.2878
266.95949879373,0.5188,-26.80469715371,0.4821,4066823649763639936,-0.03,0.622,0.1084,0.0319,-0.2836
266.95912511961,0.6658,-26.80217905074,0.6353,4066823649763639552,1.8233,0.8674,0.0025,0.1927,-0.3944
266.95581694295,0.4108,-26.80366037215,0.3891,4066823649759227520,-0.2644,0.4431,0.6473,-0.2986,-0.5295
266.95521531832,0.9904,-26.8026570041,0.8975,4066823654058990080,-0.0482,1.0497,0.2927,0.1436,-0.2096
266.95386026817,0.1013,-26.80335057876,0.0919,4066823649759230336,0.1886,0.1086,0.1866,0.0886,-0.24
266.9543041856,0.4372,-26.8023116636,0.4027,4066823654080445184,0.9828,0.5212,0.1173,0.0592,-0.3306
266.95323813902,0.2399,-26.80158729163,0.2113,4066823649759233408,0.3413,0.2313,0.36,0.2333,-0.1009
266.95680400808,1.0773,-26.80238733227,1.2243,4066823654058979968,-0.1569,1.4892,0.4266,-0.4189,-0.7025
266.95854514275,0.5039,-26.80014299903,0.4827,4066823654058987264,0.4309,0.6516,-0.039,0.2579,-0.4297
266.96196474296,0.5096,-26.80288421672,0.4588,4066823649763642624,0.3614,0.5728,0.268,0.2956,-0.0977
266.96194585113,0.8426,-26.80224015446,0.812,4066823654058955520,1.6691,1.097,-0.0363,0.149,-0.3796
266.9631381534,0.2569,-26.80078864728,0.2272,4066823654058958720,0.6394,0.2757,0.2097,0.3507,-0.1156
266.96411479308,0.8869,-26.80140191928,0.7875,4066823654065517824,1.9078,1.1451,-0.1089,0.4385,-0.3927
266.9628383227,0.6173,-26.80030746438,0.5933,4066823654058961920,2.2858,0.8514,-0.0755,0.1504,-0.3698
266.96125237696,0.3263,-26.7992929031,0.3024,4066823649774236288,0.598,0.3752,-0.0876,0.3252,-0.3558
266.96182302226,0.8111,-26.79973794017,0.839,4066823654080436736,1.6469,1.2129,0.1644,-0.0247,-0.4961
266.96598050124,0.3693,-26.79927747341,0.3397,4066823654058952576,0.9514,0.4078,0.1788,0.0455,-0.2321
266.96581519561,0.2248,-26.79781585553,0.2046,4066823654058961536,0.4124,0.2462,0.2198,0.0708,-0.1805
266.96583276207,0.3775,-26.79690487893,0.3484,4066823654080435712,0.3972,0.4454,0.062,0.0356,-0.2598
266.96463957027,0.6328,-26.79632408538,0.6045,4066823654058977792,0.1251,0.6988,-0.2659,0.3126,-0.4574
266.95923031202,0.1086,-26.80022403837,0.1094,4066823654080440576,0.2433,0.1203,-0.5361,0.4316,-0.6405
266.95736093776,0.4061,-26.79748382858,0.3876,4066823649774213760,-0.8293,0.5328,-0.0507,0.2274,-0.4122
266.95864762854,1.1493,-26.79729637788,0.9793,4066823654059006464,1.3496,1.2017,0.0671,0.4701,-0.2676
266.95859254274,0.608,-26.79768041975,0.5869,4066823649764815360,0.7037,0.8128,-0.0519,0.2633,-0.4257
266.9588957037,0.6228,-26.79684426899,0.599,4066823654059012224,-0.9984,0.8495,-0.0231,0.1812,-0.3721
266.96216548821,0.6838,-26.79617878152,0.6332,4066823649764818816,-0.9821,0.7662,-0.0376,0.0544,-0.2817
266.96233318194,1.4278,-26.79568687767,1.3301,4066823654065528576,-0.1654,1.3482,0.465,0.0284,-0.2232
266.96403259192,0.9667,-26.79457893281,0.9127,4066823654058995328,0.8141,1.0535,0.2667,-0.0287,-0.3461
266.96064493909,0.2959,-26.79506048476,0.2702,4066823654080449280,-0.6312,0.2946,0.34,0.2443,-0.0195
266.96214926011,0.5416,-26.79345544259,0.5071,4066823649774241792,1.2139,0.6282,0.1196,0.0517,-0.334
266.95179449342,1.1192,-26.80234104336,0.994,4066823654065532160,1.2689,1.0399,0.3776,0.2362,-0.0961
266.95020107339,1.3427,-26.80203034226,1.1809,4066823649763630976,2.8281,1.2267,0.5211,0.2367,-0.1445
266.9513715625,0.5876,-26.80122512347,0.5489,4066823654059025280,-0.3174,0.7075,0.1679,0.0048,-0.378
266.95205697031,0.6821,-26.80016655176,0.6316,4066823649763631872,0.0083,0.8015,0.0183,0.1187,-0.3514
266.95245934567,1.5019,-26.80102957759,1.3058,4066823654070998784,-1.9434,1.3069,-0.1501,0.1822,-0.1802
266.95073171953,0.1831,-26.79901885741,0.1679,4066823649774178688,0.3932,0.1295,-0.7512,0.5614,-0.6468
266.9544985186,0.4204,-26.79909627313,0.3909,4066823654059020672,-1.6943,0.5128,0.0394,0.0414,-0.2955
266.95595921144,0.4353,-26.79769670247,0.3781,4066823654059021568,-0.1194,0.4675,0.2754,0.3623,-0.1456
266.95216102657,0.573,-26.798674311,0.5093,4066823649764806528,0.51,0.699,0.0474,-0.0542,-0.1804
266.95401117699,0.6297,-26.79656923528,0.4981,4066823654065538048,-0.0464,0.4316,-0.6545,0.6571,-0.5863
266.95303263658,1.4209,-26.79671993121,1.2675,4066823654070994816,0.1941,1.2179,0.0759,0.2599,-0.2231
266.94904030181,0.1397,-26.79973458492,0.1269,4066823654080457344,0.4205,0.1511,0.2131,0.1109,-0.2467
266.94803337417,0.4485,-26.79990290556,0.4135,4066823654059051520,0.3412,0.5336,0.1073,0.111,-0.3221
266.9510069395,0.5457,-26.79775714613,0.5012,4066823649764805504,1.0387,0.6469,0.1195,0.0791,-0.3104
266.9520665626,0.5031,-26.79494174654,0.4795,4066823654059061504,0.3165,0.6515,-0.0171,0.2808,-0.427
266.94976387471,0.1288,-26.79612760037,0.1168,4066823654080463616,0.5065,0.1361,0.1984,0.0959,-0.2334
266.95653444884,0.6163,-26.79651545542,0.6003,4066823649764812672,0.6735,0.7997,-0.2129,0.2657,-0.4814
266.95804708511,0.7204,-26.79487755484,0.6785,4066823654059031680,0.9533,0.9056,0.0337,0.0943,-0.2812
266.95584877446,0.4813,-26.79556276404,0.4327,4066823654059038848,0.5849,0.5737,0.2557,0.2334,-0.018
266.95499797733,0.4468,-26.79568846234,0.4198,4066823649764809728,0.6716,0.312,-0.8046,0.5338,-0.646
266.95962836503,0.5138,-26.79385873945,0.4817,4066823654059028352,-0.1178,0.6274,0.0432,0.0966,-0.2647
266.95936874238,0.398,-26.79461292445,0.3706,4066823654059024000,1.7606,0.3872,0.2477,0.1657,-0.0024
266.96033191528,1.3831,-26.79444423325,1.2752,4066823654059019392,-1.5547,1.453,0.3742,0.1817,-0.2206
266.95814855325,0.8633,-26.79206969896,0.8314,4066823654065540224,1.6251,0.9472,0.2397,0.0845,-0.3387
266.95962605951,0.4677,-26.79031088241,0.4338,4066823654059050240,-0.9704,0.56,0.0979,0.0909,-0.2823
266.95311067891,1.3999,-26.7943261933,1.296,4066823654081948544,-1.2569,1.688,0.2355,0.2843,-0.3765
266.95476531703,0.1223,-26.79373302938,0.1139,4066823649759262848,0.4081,0.1453,0.029,0.2283,-0.3271
266.95576071262,0.1854,-26.79200919161,0.1713,4066823654080461184,0.2697,0.2081,0.1547,-0.0318,-0.1405
266.95484963093,0.551,-26.79102909686,0.5178,4066823654059074816,2.0961,0.6629,0.0667,0.1007,-0.2741
266.95342345687,1.0575,-26.79105797328,0.942,4066823649764807808,0.2945,1.1612,0.2933,0.3382,-0.178
266.95532850079,0.9137,-26.79032488059,0.8775,4066823654059078272,0.09,1.0578,0.2849,-0.0404,-0.3085
266.96687196076,1.8642,-26.7967781655,1.6916,4066823684124563200,0.6033,1.5942,0.0777,0.0879,-0.2195
266.96975182308,0.1412,-26.79141730795,0.1295,4066823688440178432,0.3009,0.1531,0.1908,0.0254,-0.1993
266.96882844001,0.5775,-26.79006872065,0.5332,4066823688440183424,-0.7759,0.6986,0.0788,0.0426,-0.2623
266.9692059314,0.6429,-26.7906625195,0.5661,4066823688418729216,1.3874,0.8087,0.0087,-0.1502,-0.1472
266.96918562778,0.3213,-26.78951110457,0.2862,4066823688440183936,0.386,0.3715,0.1835,-0.0871,-0.178
266.96653257335,1.2011,-26.78901870518,1.0501,4066823688418758400,-0.7164,1.1883,0.5684,0.117,-0.2384
266.96617170878,1.495,-26.78948036654,1.2227,4066823688426951296,2.6297,1.4358,0.3241,0.2433,-0.0709
266.97364479854,0.729,-26.79131111773,0.671,4066823688418699392,-0.6623,0.8297,0.2062,0.0881,-0.2091
266.97279075977,0.4561,-26.79145623888,0.4243,4066823684119009024,0.0724,0.5457,0.1588,0.1117,-0.2785
266.974177782,0.2731,-26.79077548636,0.2363,4066823688418699648,-0.0066,0.2714,0.4347,0.1869,-0.0663
266.97199283217,1.2521,-26.78964380874,1.0734,4066823688425263104,0.3499,1.2603,0.5528,0.1229,-0.1807
266.97109440217,0.8046,-26.78971483714,0.7357,4066823688418724352,-2.4281,0.9707,0.1806,-0.0361,-0.2198
266.97359022287,1.1,-26.78835648442,0.9432,4066823688425262976,1.2105,1.1317,0.3379,0.1976,-0.1829
266.9768870364,1.1876,-26.78861761202,1.0153,4066823688426941952,-0.5915,1.2086,0.4573,0.0836,-0.3208
266.97681173668,0.4703,-26.7870083851,0.4354,4066823684124573952,0.505,0.5612,0.1118,0.0528,-0.2659
266.97010152126,1.0628,-26.78626025341,0.8887,4066823688418757376,-1.5346,1.2649,0.4564,0.3475,-0.2752
266.97496815566,1.7211,-26.78443763969,1.3987,4066823688426950144,2.1211,1.4551,0.617,0.2302,-0.1058
266.97270833891,0.8431,-26.78491344656,0.7691,4066823688418751872,0.2607,0.9313,0.4194,0.0782,-0.3328
266.97184726337,0.7908,-26.78531413527,0.7309,4066823688440188160,0.9824,0.9561,0.1111,0.032,-0.2664
266.97273359547,0.6181,-26.78543947592,0.5633,4066823688418747648,0.5919,0.6685,0.1556,0.1114,-0.213
266.9623381985,0.7161,-26.79255616992,0.671,4066823684124557312,0.2718,0.8294,-0.068,0.0969,-0.3385
266.96468593798,0.683,-26.79013857205,0.628,4066823688418761728,-0.1679,0.8063,0.1143,0.0697,-0.2584
266.96213358164,1.6337,-26.78787075766,1.4215,4066823688425279616,0.8682,1.617,0.5263,0.1021,-0.1605
266.96446554999,0.5245,-26.78815243125,0.4851,4066823684124559616,-0.0874,0.6322,0.066,0.0469,-0.2674
266.96496378517,0.1691,-26.78905689062,0.1483,4066823688440191616,0.4204,0.1905,0.2393,0.1347,-0.2406
266.96561191112,0.7488,-26.78878167508,0.6863,4066823688418766592,2.2839,0.8872,0.0601,0.0287,-0.2395
266.96588630459,0.301,-26.78785829904,0.259,4066823688418765056,-0.1661,0.3031,0.4263,0.1936,-0.0742
266.966394812,0.167,-26.78823698361,0.1511,4066823684134005760,-0.2895,0.2035,0.0974,0.0226,-0.3306
266.96067726806,0.3594,-26.7867207269,0.3293,4066823684124556032,-1.3507,0.4559,0.2041,0.0554,-0.3536
266.96234958203,0.0467,-26.78729817833,0.0417,4066823684119025152,0.4667,0.0549,0.014,-0.0511,-0.3228
266.96370071851,0.4673,-26.78571904633,0.4298,4066823688418795264,-0.3244,0.5501,0.1428,0.0488,-0.2387
266.96297889444,0.3407,-26.78448376481,0.2891,4066823688440202624,0.8532,0.3691,0.3123,0.2989,-0.1708
266.96359205211,0.6866,-26.78371095565,0.6025,4066823688418812160,1.5991,0.9053,0.1182,0.2138,-0.3084
266.96152965171,0.5773,-26.78506926256,0.5278,4066823688418816384,0.1854,0.693,0.1241,-0.0023,-0.2556
266.9604396918,0.634,-26.78494671217,0.5888,4066823684124555648,0.1081,0.7749,0.0984,0.0295,-0.3089
266.96255466153,0.6536,-26.78360586018,0.6009,4066823684124557568,-1.6311,0.7946,0.0561,0.003,-0.2727
266.96935578352,1.335,-26.78538408759,1.0774,4066823688441956736,0.7523,1.4026,0.3127,0.2929,-0.0676
266.96888383542,0.4012,-26.78421667138,0.3683,4066823684124565504,0.6673,0.4371,0.2152,0.0421,-0.2075
266.96650331182,0.3253,-26.78417949242,0.2803,4066823684134008832,1.3214,0.3242,0.4279,0.2202,-0.076
266.96780255413,1.1411,-26.78252816749,0.973,4066823688425280512,3.4041,1.1284,0.5594,0.1484,-0.1569
266.9717681706,0.587,-26.78220473109,0.5447,4066823684124569600,-0.0021,0.7097,0.0955,0.0496,-0.2773
266.96920216129,0.2615,-26.7835291019,0.2195,4066823688441686144,0.0014,0.249,0.3962,0.1681,-0.0371
266.96493171161,1.0089,-26.78452650849,0.8841,4066823688425281024,0.7348,1.1444,0.4096,0.0758,-0.3012
266.96472000755,1.4504,-26.78034197147,1.2393,4066823684124560256,-1.1602,1.3529,0.5048,0.2816,-0.0163
266.96787807245,0.1252,-26.78141738739,0.1116,4066823688440200064,0.555,0.1361,0.1838,0.0535,-0.2393
266.96915171298,0.3623,-26.7800047415,0.3133,4066823684124566144,0.8972,0.3571,0.4321,0.1881,-0.0457
266.97002721344,0.7455,-26.77983802072,0.6622,4066823688418798848,0.2769,0.8425,0.1908,0.1405,-0.2263
266.96696508683,0.9763,-26.77910578612,0.8585,4066823688425286272,-2.0269,1.0981,0.4576,2.0E-4,-0.3341
266.9657320453,0.3007,-26.779641057,0.2669,4066823688418830720,0.6074,0.3324,0.2689,0.0988,-0.2404
266.96812816116,0.7548,-26.77857339709,0.6939,4066823688418823936,-1.5346,0.83,0.2545,0.1815,-0.2073
266.99028521258,0.5174,-26.79666000461,0.4862,4066823722778348288,-0.3927,0.6162,0.0028,0.0831,-0.2725
266.98834221748,0.502,-26.79430278976,0.4648,4066823722778359424,0.5834,0.6196,0.0638,0.0524,-0.2753
266.9890871008,0.1188,-26.79439347179,0.1055,4066823722799886336,0.5154,0.1334,0.2098,-0.0085,-0.2399
266.99142551722,0.4484,-26.79416627871,0.4188,4066823722778353536,1.0252,0.5331,0.0963,0.0918,-0.2838
266.99469056705,0.6223,-26.79280223357,0.5728,4066823718484331648,2.147,0.752,0.1076,-0.0015,-0.2773
266.99201492168,1.143,-26.79071060034,0.9842,4066823722786670208,2.2544,1.13,0.2143,0.2322,-0.2584
266.98779231313,1.0692,-26.79340379159,0.9047,4066823722786670720,2.9586,1.0317,0.5009,0.0768,-0.2599
266.98972868527,1.5669,-26.79021866628,1.3305,4066823722786671744,-1.6734,1.4921,0.4794,-0.0157,-0.2338
266.98961845143,0.4517,-26.78974997399,0.4145,4066823718484325376,0.1528,0.5215,0.0539,-0.05,-0.2934
266.9946215373,0.9647,-26.78982087274,0.8746,4066823722778357504,0.1231,1.0394,0.1684,0.0011,-0.2046
266.99476635338,0.4318,-26.78848231684,0.3979,4066823722778361088,-0.6605,0.4759,-0.0365,0.1017,-0.2718
266.99804547135,0.4213,-26.78855371574,0.3578,4066823722778353408,0.8797,0.4049,0.4571,0.149,-0.0453
266.99888227952,0.0426,-26.78899150091,0.0379,4066823722799884160,0.7559,0.0493,-0.0212,-0.0378,-0.306
267.00008969131,0.0634,-26.78717136587,0.0563,4066823718478767744,0.4598,0.0705,0.1526,0.0231,-0.2378
266.99700288219,0.4428,-26.78841314276,0.4083,4066823722778355072,-0.4569,0.5,-0.038,0.0508,-0.2751
266.99156113179,0.5074,-26.78875583955,0.4681,4066823718484327808,0.0345,0.6115,0.1016,-0.0011,-0.2611
266.99294369644,0.4811,-26.78954526465,0.4271,4066823718484329600,2.4384,0.5346,0.244,-0.0056,-0.219
266.99281470082,1.2449,-26.78828723946,0.9709,4066823718484329216,1.4397,1.0831,0.5139,0.3702,0.0045
266.99381709416,0.4807,-26.78706034556,0.4455,4066823722778368640,0.8118,0.5312,-0.0514,0.0857,-0.2954
266.99171509362,0.512,-26.78613002693,0.5449,4066823722778380800,0.2418,0.6901,0.3684,-0.3518,-0.6538
266.99541656464,0.2251,-26.78554318485,0.1931,4066823718478765952,0.3209,0.2227,0.4199,0.1711,-0.064
266.99300872846,0.5116,-26.78465285447,0.4609,4066823722778382208,-0.3663,0.5423,0.1032,0.0556,-0.1607
266.99391356267,0.5528,-26.78381988373,0.5087,4066823722778382720,1.3801,0.6511,0.0288,0.0087,-0.2671
266.98543927824,1.0666,-26.79161186163,0.9758,4066823722784988032,-0.0365,1.2659,0.3505,-0.032,-0.445
266.98211008995,0.5337,-26.78983462219,0.4914,4066823718484319104,0.1793,0.6417,0.0703,-0.0071,-0.2687
266.98557979096,0.1815,-26.78793157346,0.1613,4066823718478757504,0.4272,0.2037,0.2637,-0.0036,-0.2132
266.98069907139,0.7362,-26.78853975538,0.7035,4066823722799904896,1.5403,0.9752,-0.0905,0.1854,-0.3967
266.98126674354,0.1323,-26.78793031484,0.1174,4066823722799906048,0.5784,0.1459,0.2368,0.0383,-0.1889
266.98594951792,1.1965,-26.78519545259,0.9783,4066823722786677632,-1.5335,1.1751,0.2871,0.2874,-0.1277
266.9839239887,0.2522,-26.78477708335,0.2172,4066823722778424320,1.142,0.2524,0.4291,0.2096,-0.0629
266.98477074564,1.3099,-26.78338511804,1.1361,4066823718484320896,3.234,1.2813,0.5423,0.0164,-0.1867
266.98776246121,2.0733,-26.78558130415,1.8329,4066823722786675328,0.0634,1.7381,0.7472,-0.1457,-0.4435
266.99004826003,0.7264,-26.78370979888,0.6634,4066823722799899776,1.4289,0.6703,0.5141,0.1553,-0.1623
266.98966920437,0.36,-26.78343358267,0.3297,4066823722799899648,-0.5557,0.3891,-0.0772,0.0139,-0.276
266.98885207869,0.6565,-26.78360708765,0.6273,4066823718484324992,0.2475,0.8412,0.3887,-0.4505,-0.6013
266.99316057265,0.4531,-26.78347526021,0.4128,4066823718484329984,-0.094,0.5295,0.0294,-0.0178,-0.2326
266.9913641926,2.0166,-26.78320538522,2.0411,4066823722790441600,2.5028,2.3328,0.1263,-0.3152,-0.5639
266.99185752235,0.3912,-26.78081984294,0.3401,4066823722778406400,1.7337,0.3934,0.4279,0.1418,-0.045
266.98757827672,0.2049,-26.78417802751,0.1733,4066823718478771712,0.4983,0.1924,0.4359,0.2311,0.0153
266.98590773163,0.2082,-26.78117973364,0.1822,4066823718478783744,1.5282,0.2519,0.4169,-0.087,-0.3803
266.99999874041,0.4071,-26.78684603652,0.3786,4066823757138091136,0.6263,0.4796,0.0437,0.0542,-0.2894
267.00089401808,0.3592,-26.78656638666,0.3318,4066823757138090496,1.493,0.4076,0.0859,0.012,-0.2799
266.99999925792,0.2511,-26.78502362232,0.2153,4066823752853682176,0.5752,0.2448,0.4415,0.2061,-0.0481
266.99875568035,0.1347,-26.78545745116,0.1196,4066823752838506240,0.8722,0.1487,0.2455,0.0134,-0.2269
266.99881352507,0.0997,-26.78277045562,0.0882,4066823752838516096,0.4496,0.1117,0.1878,-0.0039,-0.2192
266.9991613351,0.5364,-26.78210668348,0.5039,4066823757138110080,-0.7872,0.6311,0.0672,0.0717,-0.2702
267.00010573904,0.5029,-26.78217370507,0.4659,4066823757138105472,1.1975,0.5958,0.088,0.0592,-0.2855
266.99730657341,0.5862,-26.78256105691,0.5547,4066823757138114560,1.9267,0.8062,0.1585,0.1424,-0.4495
267.00009905525,0.4759,-26.78131989953,0.3997,4066823757138109568,0.1533,0.7277,0.0477,0.3622,-0.2443
267.0000667129,1.2869,-26.78074652113,1.2193,4066823757146412032,-0.7093,1.3739,0.079,-0.0068,-0.3985
266.99992166136,0.1595,-26.77965956873,0.1413,4066823752838525696,0.3054,0.1739,0.2347,0.0349,-0.2235
267.00566940124,0.3659,-26.7805828831,0.3417,4066823757138095616,0.2353,0.4429,0.0608,0.0472,-0.3147
267.00756477318,1.8681,-26.77976156765,1.3547,4066823752853716352,-1.4576,1.7337,0.417,0.4739,-0.0985
267.0035612058,0.4688,-26.77753091992,0.4169,4066823757159629824,0.6446,0.5252,0.2197,0.0228,-0.2605
267.00657161167,0.1165,-26.7754476605,0.1036,4066823757159629440,0.514,0.1281,0.2247,0.0682,-0.2355
267.00801978338,1.0858,-26.77412196848,0.9452,4066823757159629568,-1.1413,1.7473,-9.0E-4,0.0712,-0.3043
267.00494945012,0.4511,-26.77342471254,0.4133,4066823757138124544,0.3283,0.5197,0.0768,-0.0405,-0.2838
267.00594071936,0.1019,-26.77333311792,0.088,4066823752838551680,0.6442,0.1189,0.1308,-0.1074,-0.0876
266.99564421911,0.2181,-26.7803574405,0.1917,4066823757138129024,0.8967,0.2512,0.1301,-0.0944,-0.2856
266.99661863742,1.8536,-26.77946527454,1.6648,4066823757151309568,-2.6745,1.5554,0.1233,0.1159,0.1635
266.99701170099,0.5269,-26.77808457358,0.4837,4066823757138135424,0.527,0.5164,0.388,0.2395,-0.0385
266.99797135751,0.7411,-26.7766043967,0.6805,4066823757138138368,2.4104,0.8551,0.169,0.0164,-0.2188
266.99877516434,0.5989,-26.77541927151,0.5323,4066823757138141440,-0.0776,0.7469,-0.0843,-0.1416,-0.1311
266.99781195,0.1411,-26.77626925814,0.1254,4066823752838541568,0.6423,0.1546,0.2367,0.0562,-0.2272
266.99230362957,0.4368,-26.7769429583,0.4199,4066823757138167168,0.0921,0.4748,-0.2285,0.2706,-0.437
266.99353258097,0.3111,-26.77371430189,0.2755,4066823821559954304,-0.2427,0.3407,0.2769,0.108,-0.2448
266.99476758115,0.854,-26.77412822978,0.7607,4066823757138172288,1.5696,0.9114,0.2967,0.1454,-0.151
266.99345088338,1.3132,-26.77426576259,1.0937,4066823757138180992,3.1973,1.2242,0.5429,0.0551,-0.2079
267.00490383061,0.6824,-26.77103836966,0.6171,4066823757144728832,0.0669,0.8061,0.1143,-0.0793,-0.0099
266.99878104109,0.691,-26.77116908154,0.6045,4066823757138169600,-0.4581,0.8737,0.2092,0.1532,-0.2935
266.9982448599,0.0792,-26.77183171476,0.0703,4066823752838558464,1.5455,0.0879,0.192,0.0357,-0.2036
267.00072663633,0.4618,-26.7707720349,0.4232,4066823757138161408,1.2196,0.5006,0.1674,0.01,-0.2156
267.00162925008,0.358,-26.7675454328,0.3132,4066823757138176000,0.993,0.3807,0.377,0.1104,0.1019
266.97946164988,0.3754,-26.78454591432,0.3346,4066823787203792768,0.6669,0.4203,0.2583,0.039,-0.2302
266.9775842284,1.2455,-26.78570751691,1.0601,4066823791497928960,-2.5951,1.1855,0.5465,0.0841,-0.2047
266.9796632839,1.4093,-26.78337052099,1.0825,4066823791506161152,0.6938,1.2129,0.5218,0.41,0.0402
266.98178365328,1.2766,-26.78350500901,1.1885,4066823791497917184,0.6235,1.1576,0.0179,-0.0227,-0.2906
266.98214845973,0.5393,-26.78345694223,0.5037,4066823787203796096,0.1393,0.6606,0.0903,0.1554,-0.3082
266.98184259433,0.5987,-26.78395222558,0.5555,4066823791497917312,0.5365,0.7157,0.0761,0.0567,-0.2721
266.98020943997,1.0188,-26.78232921594,0.8297,4066823791504478848,1.4248,0.9483,0.4916,0.3646,-0.0336
266.98127897105,0.5492,-26.7819040093,0.5079,4066823791497933056,0.9196,0.6496,0.0912,0.0507,-0.2499
266.98075879889,0.547,-26.78068231634,0.4747,4066823787198267648,1.0109,0.5392,0.4532,0.1652,-0.0368
266.97621270849,0.8833,-26.78376235682,0.8118,4066823791497952256,0.9659,0.949,0.2474,0.1152,-0.1805
266.97783322569,0.4514,-26.78184875223,0.4266,4066823791497956480,0.5499,0.534,-0.0212,0.1262,-0.3382
266.97736813094,0.36,-26.78348603795,0.3116,4066823787203789696,0.732,0.3484,0.4711,0.18,-0.0167
266.97685408463,0.4988,-26.78133891875,0.467,4066823791497967744,1.1647,0.6038,0.1001,0.0045,-0.2568
266.97964987986,0.1891,-26.78145395078,0.1652,4066823787215635712,0.6281,0.2045,0.2846,0.1243,-0.1768
266.98033684629,0.5987,-26.78009055154,0.4709,4066823791497953664,0.7073,0.4061,0.7867,0.6518,0.4604
266.97749357551,0.4033,-26.77887191798,0.3512,4066823791497979392,-0.5961,0.3998,0.4633,0.1941,-0.0443
266.97907204117,0.1152,-26.77817117028,0.1017,4066823787198271488,0.5589,0.1242,0.2585,0.0697,-0.1947
266.98548208296,0.3285,-26.77888469716,0.2791,4066823787203798784,0.227,0.3162,0.406,0.1387,-0.0452
266.98260693244,0.4233,-26.77932674866,0.3874,4066823791497943808,0.9151,0.4742,-0.0222,0.092,-0.2503
266.98244156743,0.0893,-26.7800554007,0.0778,4066823791519395072,0.7486,0.0884,0.4462,0.1889,0.0773
266.98316038367,1.1587,-26.7793827808,0.9753,4066823791506164608,2.8384,1.0823,0.4989,0.0612,-0.2005
266.9836248501,1.4576,-26.78015313505,1.2191,4066823791506162304,-0.4874,1.312,0.3453,0.2811,-0.0973
266.98755278046,1.1344,-26.77661058031,1.0102,4066823787203800192,0.8075,1.1039,-0.177,-0.127,-0.2911
266.98182840859,0.1416,-26.77927787703,0.1265,4066823787203795712,0.5387,0.1502,0.1453,0.1268,-0.2485
266.98168333297,0.4487,-26.77512832117,0.4151,4066823791497981184,0.9788,0.5086,-0.0577,0.1333,-0.3036
266.98136887265,0.5107,-26.77508769946,0.4465,4066823791497981056,0.9671,0.5883,-0.1867,-0.1675,-0.0323
266.98172309345,1.0143,-26.77621901112,0.8731,4066823791506173824,2.2445,1.0863,0.3284,-0.1278,-0.3049
266.98328930636,0.0843,-26.77449162691,0.0743,4066823791519404160,0.6021,0.0914,0.1847,0.0506,-0.1925
266.98268185619,0.9759,-26.77408045671,0.7954,4066823791497984640,4.447,1.2414,-0.0689,-0.3035,-0.0548
266.98386325482,1.148,-26.77266950205,0.9821,4066823791504489216,-2.1745,1.3145,0.1602,0.042,-0.0016
266.97227067157,0.2764,-26.78078666993,0.2313,4066823787213261824,0.6193,0.2626,0.3821,0.1984,-0.0381
266.97357912034,0.3876,-26.77995280944,0.33,4066823787203786880,-0.092,0.398,0.1603,0.0354,-0.2102
266.97197109849,1.7971,-26.77889843385,1.4377,4066823791506181248,-3.1368,1.5427,0.526,0.3338,-0.1533
266.97284900763,1.4648,-26.77890497935,1.2393,4066823791506179968,-0.6715,1.2657,0.5261,0.0729,-0.1639
266.9763088188,0.2491,-26.77737571364,0.2093,4066823787198276608,1.0079,0.2389,0.3733,0.1574,-0.0478
266.97729920974,0.4703,-26.77648785894,0.4101,4066823791504491904,0.2113,0.4103,-0.1986,0.0782,-0.1386
266.97632103518,0.9907,-26.77638096263,0.8666,4066823791498002560,1.5398,1.1221,0.4504,0.1501,-0.2689
266.97120306974,1.3407,-26.77834628808,1.1076,4066823791506184192,1.1261,1.2353,0.5794,0.13,-0.1584
266.9703720764,1.6251,-26.77750610633,1.3765,4066823791506187520,-1.621,1.536,0.2004,0.2438,-0.1583
266.96910157587,0.4355,-26.77781883376,0.4035,4066823791498038656,-0.1027,0.5188,0.0766,0.0603,-0.2734
266.96848943511,0.7631,-26.77672607526,0.7148,4066823791519424640,-0.3349,1.016,0.3098,0.1166,-0.4159
266.97537053353,0.3125,-26.77417966923,0.2822,4066823791519417472,0.1028,0.3778,0.1745,0.103,-0.3101
266.97475589125,0.1947,-26.7739167641,0.1718,4066823791498030336,0.509,0.2103,0.2762,0.0373,-0.1856
266.9742857445,0.7946,-26.77425070824,0.7332,4066823791498031360,0.3495,0.8803,0.1565,0.0612,-0.1433
266.97220799406,0.3801,-26.77448938177,0.3522,4066823787203785728,0.4346,0.4432,0.1,-0.0115,-0.3025
266.97341419598,0.8436,-26.77285809138,0.7785,4066823791498048896,-0.1454,1.0169,0.1634,-0.0198,-0.2749
266.97975815182,1.1897,-26.77512747146,1.0285,4066823791506178304,-0.1146,1.187,0.4716,0.066,-0.3291
266.97841865026,1.4108,-26.77420024764,1.2925,4066823791506182784,-0.2281,1.3934,0.6863,-0.3424,-0.5518
266.97698599706,0.2573,-26.77450192739,0.2225,4066823791498009984,0.6153,0.2578,0.4372,0.1809,-0.1058
266.9763271559,0.3128,-26.7743554908,0.2783,4066823791519413120,0.1598,0.3468,0.2572,0.0624,-0.2259
266.97820097894,0.3692,-26.77481605322,0.3194,4066823787198292864,-1.5724,0.4264,0.1979,0.0227,-0.1901
266.97853002072,0.6583,-26.77308461118,0.602,4066823791498010624,-0.0062,0.6803,0.1375,0.1015,-0.1552
266.98190589823,0.0899,-26.77342331745,0.0791,4066823791519408384,0.5791,0.0978,0.1869,0.025,-0.202
266.98236601869,1.8103,-26.77175142651,1.4673,4066823791506182272,-1.0489,1.5632,0.5926,0.226,-0.1356
266.98238537794,0.7179,-26.77221460187,0.6386,4066823791504491776,0.5125,0.8556,0.111,0.1016,-0.2708
266.98141717124,0.5842,-26.76988310027,0.5407,4066823787203795072,1.2476,0.6892,0.0928,0.0726,-0.2502
266.97530500091,1.71,-26.77295660348,1.4648,4066823791504499968,-0.6712,1.5118,0.6382,0.0861,-0.1215
266.97649698737,0.1304,-26.77308391147,0.112,4066823791498021120,0.401,0.1542,0.1259,0.2275,-0.2878
266.97755687631,0.6932,-26.77090745174,0.6417,4066823791498035712,0.1791,0.8445,0.2837,-0.0878,-0.4343
266.97817606003,0.7032,-26.77161111591,0.6416,4066823791498023168,-0.6277,0.7868,-0.0614,0.0094,-0.2404
266.97451606282,0.3352,-26.77123446595,0.3049,4066823791498054144,0.8887,0.3683,-0.0084,0.086,-0.2729
266.9802469589,0.3615,-26.76907615814,0.3328,4066823787203793280,0.2451,0.393,0.1637,0.0647,-0.2205
266.9794285571,0.3789,-26.76947576956,0.3512,4066823791498034688,-0.2107,0.4479,0.0752,0.0851,-0.2727
266.97950805709,1.9023,-26.76854354756,1.5759,4066823791506194560,-3.5458,1.6278,0.5765,0.1521,-0.0581
266.97833474979,1.3466,-26.76850895876,1.2429,4066823791521173632,1.1788,1.6698,0.2119,0.0833,-0.4863
266.99048069065,0.4218,-26.77360270143,0.3942,4066823825857674752,0.987,0.4875,-0.0413,0.1487,-0.32
266.99267629709,0.5097,-26.77321095223,0.4429,4066823821575384192,-1.291,0.506,0.4214,0.1609,-0.0509
266.99180823287,0.4021,-26.77296826798,0.37,4066823821563543040,1.0678,0.4397,0.171,0.0472,-0.2208
266.99476962203,1.1058,-26.77228116731,0.9279,4066823825865901824,1.6265,0.9734,0.5913,0.073,-0.2259
266.9938397635,0.5887,-26.77164377492,0.5249,4066823825857669120,1.261,0.7086,0.2163,0.09,-0.2718
266.99394004785,0.3051,-26.77078159454,0.2724,4066823821575384320,0.883,0.3251,0.1267,0.1518,-0.2781
266.99085424376,1.2402,-26.77170646216,1.3811,4066823825857685760,-0.1461,1.9108,0.5911,-0.2779,-0.7076
266.99079605706,0.8035,-26.77192238234,0.676,4066823825857685888,0.2644,0.8084,0.3499,0.2504,-0.1669
266.99185721401,0.3767,-26.77006046174,0.3288,4066823821563543296,0.4705,0.3776,0.4086,0.1798,-0.0156
266.98667068376,0.1846,-26.77411618641,0.1635,4066823787198285824,0.4633,0.2038,0.2549,0.0125,-0.219
266.98743385801,0.2909,-26.7707595917,0.2472,4066823825879143296,0.0162,0.2964,0.3908,0.2476,-0.0778
266.98978201869,0.427,-26.7696453096,0.395,4066823825857710208,-0.4087,0.5074,0.091,0.0476,-0.2711
266.99119074049,0.183,-26.76909510651,0.1652,4066823821573112448,0.1248,0.2119,0.3841,-0.1312,-0.3552
266.98781656737,1.3064,-26.76935275847,1.0289,4066823825865917184,0.4051,1.4971,0.2775,-0.2723,-0.1701
266.99614098356,0.3351,-26.77070086274,0.2983,4066823825857661824,0.0966,0.3742,0.2693,0.0333,-0.2581
266.99566362072,1.1765,-26.76935830301,0.9642,4066823825865906432,-2.1002,1.1861,0.2376,0.3161,-0.2491
266.99335343061,1.518,-26.76850996165,1.0986,4066823825865911040,2.7651,1.4724,0.3678,0.4832,-0.126
266.9942502143,1.3848,-26.7680354066,1.2064,4066823825865911552,0.0392,1.4461,0.3641,-0.0311,-0.3419
266.99923105854,0.4319,-26.76542210662,0.3805,4066823825857680128,0.8886,0.526,-0.0323,-0.1529,-0.1077
266.99285339326,0.561,-26.76765352403,0.5011,4066823825857706880,-0.967,0.6694,0.2065,0.1335,-0.2908
266.99218159169,0.602,-26.76685889273,0.5782,4066823825857713792,0.4196,0.8059,-0.0632,0.2088,-0.4346
266.99463648592,1.5651,-26.76349996024,1.2856,4066823821563546880,-1.4879,1.3547,0.5889,0.0943,-0.1649
266.99540000283,0.436,-26.76226096488,0.381,4066823821563547392,0.4775,0.4971,-0.052,-0.1664,-0.1186
266.98426780018,1.2709,-26.77052848038,1.0375,4066823825865920256,-0.0577,1.1833,0.4283,0.2596,-0.0092
266.98327424144,0.0797,-26.76761125118,0.0716,4066823825879155328,0.756,0.0958,0.1273,0.1241,-0.3093
266.98556035728,0.5165,-26.76800930116,0.4764,4066823821563537280,0.0545,0.6116,0.0774,0.0365,-0.2583
266.98928195598,1.0793,-26.76666294929,0.8854,4066823825879148032,-0.1416,0.9757,0.5747,0.2029,-0.151
266.98463631165,0.0319,-26.76644911056,0.0291,4066823821558059136,2.7568,0.038,-0.1051,0.0594,-0.3741
266.98676875468,1.9295,-26.76680751018,1.671,4066823825870760832,-0.4659,1.4551,0.2661,0.2339,-0.1161
266.97984672615,0.2222,-26.76610236599,0.1952,4066823821558056192,0.5094,0.2438,0.2553,0.0524,-0.1991
266.98085143919,0.4061,-26.76627956094,0.3755,4066823825857789056,0.0109,0.4668,0.0865,-0.0159,-0.2906
266.98943210342,0.5802,-26.76571449586,0.5419,4066823825857738496,0.4198,0.6784,0.0815,0.1198,-0.2522
266.99116079154,0.0792,-26.7652171931,0.07,4066823821558062208,0.3943,0.0899,0.2245,0.0468,-0.1784
266.98824935556,1.0761,-26.76312487964,0.99,4066823825857761408,-0.1583,1.0151,0.4623,0.2523,0.0809
266.992367849,0.2043,-26.75996242085,0.1794,4066823821558080768,0.4027,0.2549,0.095,-0.0091,-0.1499
266.99323925406,0.9996,-26.7602089067,0.8551,4066823825857752064,1.6158,1.652,0.17,-0.0329,-0.3527
266.98769091238,0.3439,-26.76281664484,0.2984,4066823821563539072,0.7148,0.3376,0.4526,0.1384,-0.0499
266.9881464244,1.304,-26.76088824663,1.1139,4066823825865939072,1.3335,1.3071,0.4905,0.0601,-0.3382
266.99021141591,0.0945,-26.75999041574,0.0838,4066823821558081664,0.3518,0.1063,0.2144,0.0328,-0.2128
266.9914348331,0.2809,-26.75802304149,0.2377,4066823825857783168,0.7829,0.3378,0.0713,-0.2074,-0.2161
266.98810844077,0.5423,-26.75974386129,0.4997,4066823825857791616,-0.3959,0.6329,0.1307,0.0371,-0.2588
266.98958368362,0.6902,-26.75724171941,0.6094,4066823825879166848,3.3842,0.8375,-0.1002,-0.1473,-0.1087
266.9892715153,0.1899,-26.75816162537,0.1698,4066823821558089472,0.4239,0.226,0.1631,-0.0357,-0.2861
266.94552294461,1.2039,-26.79718953072,1.1324,4066823860238898816,-1.2544,1.1416,0.4667,0.0526,-0.2569
266.94690189619,0.6161,-26.79622151002,0.5665,4066823855923230976,0.0782,0.7051,0.005,0.1106,-0.3392
266.94445259574,0.5961,-26.79649894527,0.5509,4066823855923229056,0.8827,0.7192,0.1275,0.0617,-0.3387
266.94574652492,0.3218,-26.79537508158,0.2864,4066823860217533568,1.5606,0.3169,0.408,0.1685,-0.1291
266.94432245215,1.1776,-26.79436515232,1.0552,4066823860223984512,-0.2037,1.0906,0.521,0.1873,-0.2065
266.94489116604,1.502,-26.79532805384,1.3279,4066823860229429376,-0.8453,1.332,-0.1524,0.4873,-0.5074
266.94857875116,0.7478,-26.79279629982,0.6925,4066823860217534464,1.7934,0.9007,0.1228,0.1023,-0.3439
266.95081757998,0.1438,-26.79248234252,0.1354,4066823855917697920,0.5206,0.1701,0.0178,0.1992,-0.3564
266.94761244541,1.3873,-26.79241501196,1.194,4066823860229424768,1.4964,1.173,-0.1289,0.3251,-0.2591
266.94853383121,1.2007,-26.79113327224,1.1129,4066823860217545472,-1.2934,1.3565,0.4064,0.2646,-0.3769
266.9479345341,0.1881,-26.79104913832,0.1705,4066823855917702912,0.1958,0.2152,0.128,0.2172,-0.3118
266.94420386598,0.1663,-26.79322464934,0.1509,4066823860217557504,0.9203,0.1818,0.2159,0.0398,-0.2607
266.94285781759,1.4544,-26.79283181031,1.3546,4066823860238916224,1.1996,1.25,0.0825,-0.0368,-0.2231
266.94368654482,0.4806,-26.79010369063,0.441,4066823855923227904,1.064,0.5686,0.1318,0.0732,-0.309
266.95276847113,1.0371,-26.79088310465,1.0427,4066823860217521792,1.2524,1.419,0.2865,0.134,-0.4949
266.95124763513,0.4427,-26.7879895132,0.41,4066823860217551744,0.581,0.4946,0.1447,-0.002,-0.1697
266.95476314648,0.4376,-26.78859332354,0.4059,4066823860217526656,0.977,0.4902,0.1552,-0.0033,-0.1883
266.95379822378,0.4488,-26.78987736055,0.4153,4066823855923238656,0.6089,0.4562,0.3671,0.1588,-0.0063
266.95516746972,0.6421,-26.78808994619,0.6115,4066823860238900864,0.8652,0.7727,0.0733,0.0266,-0.3392
266.94859200555,0.4992,-26.78818609982,0.4378,4066823855923232384,0.3181,0.5532,0.2708,0.3313,-0.1655
266.95082206502,0.21,-26.78718507786,0.1891,4066823855919688064,0.2954,0.2044,0.3803,0.2332,-0.0278
266.94715774547,0.3351,-26.78859009816,0.2862,4066823855917710208,0.2113,0.3548,0.2369,0.3761,-0.2228
266.95144005633,1.343,-26.78583059789,1.3133,4066823860217570176,-0.338,2.011,0.1943,0.1103,-0.4415
266.9505118285,0.2588,-26.78592382565,0.2326,4066823855917719552,0.6404,0.2496,0.3818,0.2301,-0.0132
266.95177754087,1.3125,-26.78513454807,1.1872,4066823860217574400,0.3558,1.2859,0.4384,0.3168,0.04
266.9536048917,0.185,-26.78503718519,0.1701,4066823860238911232,0.2831,0.2002,0.1429,0.0636,-0.129
266.94971621496,1.1332,-26.78454383844,1.0025,4066823860217592064,0.9563,1.1131,0.4168,0.3288,-0.0252
266.95117376764,0.4852,-26.78251028803,0.4522,4066823860217599872,1.4187,0.5801,0.065,0.0443,-0.2378
266.95127173171,0.261,-26.78398179615,0.2407,4066823860217586560,0.3866,0.2623,0.3347,0.1848,-0.0037
266.95141789635,0.8757,-26.78348881167,0.8124,4066823860217586432,0.639,1.1101,0.1228,9.0E-4,-0.3635
266.93979373083,1.3404,-26.79100858185,1.2724,4066823860217609856,-3.2124,1.4809,0.3027,0.0383,-0.3643
266.94222669031,1.3515,-26.79094173453,1.2147,4066823860223992064,-1.6602,1.2428,0.3872,0.2285,-0.0467
266.94233723782,1.6849,-26.79063153311,1.4746,4066823860223991936,0.1162,1.4902,0.512,0.2391,-0.1555
266.93837715613,0.3698,-26.78951150906,0.3403,4066823860217633792,0.2556,0.4363,0.1082,0.1267,-0.3239
266.94052428535,0.6765,-26.78842150722,0.6167,4066823860217627392,-0.6344,0.7128,0.337,0.1879,-0.2312
266.94092323327,0.5746,-26.78892085401,0.5229,4066823855923225472,1.5626,0.6842,0.1176,0.0277,-0.3056
266.94224532795,0.6552,-26.78937778582,0.6036,4066823855923226368,0.2609,0.7851,0.1262,0.0926,-0.3053
266.94294817749,1.3652,-26.78805130795,1.2513,4066823855923227264,-1.3906,1.359,0.524,0.0436,-0.1939
266.9378787829,1.2628,-26.78880052195,1.1483,4066823860217643008,-1.4309,1.1932,0.5134,0.1895,-0.2082
266.93911780589,1.4565,-26.78531383244,1.2522,4066823855923223168,0.6466,1.1819,0.0444,0.2437,-0.0439
266.94027220613,0.2092,-26.78326773395,0.2164,4066823855917730304,0.4461,0.2856,0.1605,0.0398,-0.558
266.94021998084,1.3275,-26.78377715973,1.2078,4066823860217665408,1.7419,1.4209,0.3401,0.3316,-0.3959
266.94425025417,0.5299,-26.78512993827,0.5017,4066823860238933120,-0.7379,0.6846,0.05,0.2847,-0.4436
266.94659080205,1.8574,-26.78409967678,1.6933,4066823860223996544,-4.0588,1.9598,0.3342,0.3222,-0.2722
266.94537929287,0.7281,-26.78361257064,0.701,4066823860217633280,0.9275,0.9746,-0.0571,0.1671,-0.4185
266.94848176533,1.1992,-26.78380966287,1.1242,4066823860223993984,3.021,1.3038,0.2545,0.1214,-0.3573
266.9490591928,0.6988,-26.78290683039,0.6544,4066823860217612160,-0.5427,0.8479,0.0683,0.1085,-0.3069
266.94983868724,0.4263,-26.78321058949,0.3967,4066823855923234304,0.3804,0.5224,0.053,0.0129,-0.2263
266.94447063373,0.5254,-26.78280704942,0.5027,4066823855923229184,0.3042,0.7034,-0.0049,0.1951,-0.458
266.94383804966,0.694,-26.78202810739,0.6651,4066823855923228288,-0.5763,0.9364,-0.0142,0.1902,-0.4475
266.94062297209,0.8627,-26.78236375128,0.8429,4066823860238948608,3.255,1.3243,0.1154,-0.1142,-0.5086
266.94237280289,0.3645,-26.78292012277,0.3113,4066823860217658240,0.3795,0.3889,0.2656,0.3891,-0.2279
266.94683657516,0.8668,-26.77969438703,0.8309,4066823860217654400,-1.0027,0.9726,0.3794,0.0266,-0.3424
266.94745605209,0.2161,-26.77886827359,0.1987,4066823860238941184,0.5112,0.2097,0.4001,0.2452,0.0527
266.94764948032,0.5408,-26.77996031566,0.5069,4066823890294850432,1.0425,0.6511,0.0677,0.1007,-0.2549
266.94574686802,0.566,-26.77811568455,0.4978,4066823860217676032,-1.0974,0.7474,0.031,-0.2716,-0.2932
266.94532840129,0.5545,-26.77849328315,0.4744,4066823855935111936,0.8417,0.7231,0.1494,-0.3177,-0.275
266.95682895152,0.2182,-26.78575456289,0.1967,4066823890292379136,0.2724,0.2167,0.3641,0.1934,-0.0562
266.95743655768,1.0134,-26.78584012819,0.9338,4066823894577267968,2.3626,1.2193,0.1519,-6.0E-4,-0.2378
266.95505179944,1.3697,-26.78545306889,1.2723,4066823894577284608,-0.5394,1.3755,0.5113,0.0932,-0.1526
266.95668019411,0.3277,-26.78410781751,0.2909,4066823890282981376,1.1427,0.3108,0.4712,0.199,0.0144
266.95618960997,0.4622,-26.7839204558,0.4254,4066823894577289600,-0.7704,0.533,0.1887,0.0412,-0.2306
266.96061132991,0.2141,-26.7834826423,0.1904,4066823894598639616,-0.7808,0.243,0.2242,-0.0204,-0.2334
266.96183338471,0.4427,-26.7821445691,0.4069,4066823890282987136,0.7236,0.5348,0.1082,-0.0076,-0.266
266.95739929996,1.537,-26.78259295312,1.222,4066823894585411200,2.9658,1.3948,0.4321,0.317,-0.0069
266.95937391334,1.3682,-26.77993113807,1.0974,4066823894583725184,0.3205,1.1884,0.5425,0.4188,0.0847
266.95935250424,0.3782,-26.78037318674,0.325,4066823894577295744,-0.1097,0.3643,0.4545,0.2316,-0.0235
266.95923788473,0.181,-26.78191221843,0.1585,4066823894598645760,0.3568,0.2004,0.2651,0.0825,-0.1828
266.95437643568,0.6383,-26.78349596789,0.5909,4066823890282977536,-1.0367,0.7624,0.0748,0.0701,-0.2296
266.95563297778,0.325,-26.78133311962,0.301,4066823894577315072,0.9522,0.3814,0.1186,0.1081,-0.2686
266.95427991446,0.0499,-26.7815488797,0.0456,4066823890277479296,0.3868,0.0556,-0.1123,-0.0426,-0.2823
266.95715207796,1.1219,-26.78138237071,0.9207,4066823894585417216,4.3461,1.0426,0.2723,0.2422,-0.0574
266.9585539517,0.1422,-26.77880960971,0.1262,4066823894598656256,0.5257,0.1567,0.261,0.0278,-0.2182
266.95595341537,1.7536,-26.77986476474,1.4901,4066823894583729536,0.7778,1.8154,0.3445,-0.0514,-0.1544
266.9558323234,1.6407,-26.78042066711,1.3109,4066823894585422464,-0.5146,1.3932,0.604,0.2036,-0.1029
266.95480099674,0.6241,-26.77903561498,0.5828,4066823894577342208,-0.872,0.7563,0.1279,0.1138,-0.2982
266.95579161872,1.8892,-26.77875982297,1.6229,4066823894585426944,1.0544,1.7799,0.4231,0.1305,-0.2677
266.95692907571,0.671,-26.77901492804,0.6044,4066823894577326080,0.2983,0.8157,0.1776,0.0833,-0.2814
266.95747014682,1.4934,-26.77853688876,1.2429,4066823894585425152,1.5265,1.3825,0.5141,0.0574,-0.1955
266.96239427514,1.6364,-26.78040730508,1.3629,4066823894585407872,0.6042,1.5771,0.5588,0.0759,-0.2269
266.96110084315,0.6385,-26.78084487147,0.5848,4066823894577279232,0.9,0.656,0.3049,0.2061,-0.1853
266.96699637921,0.2334,-26.77779417654,0.2047,4066823890282993536,0.254,0.2522,0.2393,-0.0053,-0.2035
266.96257852662,0.585,-26.77714032787,0.541,4066823894577300096,-0.4406,0.6877,0.1244,0.1639,-0.2772
266.95930073013,0.8084,-26.77939332826,0.7765,4066823894577305472,1.9709,1.0822,-0.094,0.2117,-0.435
266.96007335894,0.5939,-26.77762698279,0.5509,4066823890282985344,-0.9365,0.7081,0.0858,0.0828,-0.2668
266.95749604874,1.3834,-26.77740151171,1.1994,4066823894577335552,1.8507,1.2975,0.6163,0.1621,-0.1722
266.95959564854,1.2861,-26.77476903103,1.1209,4066823894577343104,2.9234,1.2733,0.5613,0.0869,-0.2051
266.96032676492,0.3571,-26.77583972067,0.31,4066823890282985728,0.0974,0.3483,0.4659,0.1946,-0.0204
266.95926684227,0.0447,-26.77595963575,0.0399,4066823890277498496,0.8285,0.0522,-0.0127,-0.0445,-0.2862
266.96401191824,0.2958,-26.77419351439,0.256,4066823890282989440,0.4324,0.2919,0.444,0.1838,-0.035
266.95042154656,0.3534,-26.78135602095,0.3298,4066823894577354240,0.5877,0.4177,0.079,0.1138,-0.2424
266.95149503695,0.4911,-26.78189236274,0.4563,4066823894577341568,0.1187,0.5849,0.0627,0.0661,-0.213
266.95095847596,0.4685,-26.78141038444,0.4336,4066823890277475712,0.6428,0.4716,0.4042,0.2107,0.0491
266.95155985433,1.5847,-26.78129569248,1.4045,4066823894589150976,-1.7157,1.3119,-0.0258,0.2758,0.0012
266.95174364715,1.8411,-26.78027441849,1.655,4066823894589149824,0.5257,1.4518,0.1483,0.2425,-0.1594
266.95285423639,1.6298,-26.78015563409,1.4272,4066823894589148800,0.1669,1.4124,-0.1233,0.2271,-0.1454
266.94903660164,0.6868,-26.77989673526,0.6679,4066823894577376000,0.2786,0.8616,0.2295,-0.0736,-0.3944
266.94981228375,0.6607,-26.77930890325,0.6163,4066823894577375744,1.8903,0.789,0.0405,0.0628,-0.2325
266.9506315759,0.3548,-26.77986160092,0.3294,4066823890282973568,0.3701,0.3557,0.3681,0.1557,0.0357
266.95118937205,0.3227,-26.77727687376,0.2906,4066823894577382784,1.2889,0.3148,0.326,0.2447,-0.0451
266.95124092216,1.4185,-26.77897225078,1.2402,4066823894589148928,1.7441,1.1402,0.0252,0.3153,-0.0471
266.9552042911,1.2763,-26.77823287114,1.094,4066823894577347456,0.1188,1.2139,0.5674,0.1149,-0.1912
266.95544844574,1.6267,-26.77767424843,1.3902,4066823894577347584,-2.1435,1.5067,0.61,0.1093,-0.1507
266.94780852417,0.1341,-26.77884026987,0.1244,4066823890277499904,0.432,0.1462,0.1534,0.0115,-0.1571
266.94841834539,1.5683,-26.77936130524,1.4244,4066823894589151744,-1.7449,1.4885,-0.0976,-0.0587,-0.2249
266.95039633901,1.3034,-26.77750875463,1.1497,4066823890282973056,-1.3721,1.0613,0.0498,0.2897,-0.0025
266.94670677307,0.0455,-26.77626251174,0.0416,4066823963318165376,0.6377,0.0511,-0.1926,-0.1961,-0.3646
266.94772943159,0.1542,-26.77752369968,0.1431,4066823894577403136,0.5862,0.1799,0.2703,-0.1893,-0.312
266.94591932471,0.1235,-26.77718951228,0.1159,4066823860217681536,0.3291,0.1433,0.2824,-0.1643,-0.3276
266.95309177909,0.5264,-26.77394368751,0.491,4066823894577395584,1.6221,0.6236,0.1094,0.136,-0.3069
266.95246577206,0.5385,-26.77364945104,0.4978,4066823894598682112,-0.0486,0.6408,0.131,0.0737,-0.2672
266.95032640312,0.3533,-26.77384459595,0.3126,4066823890282972928,1.4423,0.375,0.4945,0.029,-0.24
266.94901398012,0.4762,-26.77424222668,0.4521,4066823894577422464,-0.5657,0.5641,0.1297,-0.0476,-0.3713
266.95096366724,1.5889,-26.77340761202,1.5143,4066823894585462912,-1.0908,1.7504,-0.0263,0.154,-0.5038
266.9513424938,0.7037,-26.77219733063,0.6516,4066823894577423360,0.7775,0.8571,0.2607,-0.0452,-0.4367
266.95608022539,0.1956,-26.77582517266,0.1724,4066823890292375680,0.3463,0.2182,0.2993,0.0695,-0.2045
266.95807756821,0.1508,-26.77573763126,0.1339,4066823894577346176,0.2774,0.1658,0.2581,0.0324,-0.2093
266.95715739699,0.7078,-26.77605522451,0.6525,4066823894577350144,-0.4022,0.8384,0.1471,0.0426,-0.2544
266.95765443497,0.61,-26.77350316215,0.5798,4066823894577369344,-0.3055,0.6406,-0.2757,0.2067,-0.402
266.95633206178,0.51,-26.77270567567,0.4702,4066823894598677248,0.3426,0.6085,0.1195,0.0414,-0.254
266.95685944716,0.6173,-26.77411793337,0.5429,4066823894577369728,1.4441,0.6016,0.4719,0.1523,-0.0189
266.95705327474,0.0657,-26.77284140631,0.0583,4066823894577377792,0.6364,0.0728,0.1763,0.048,-0.2155
266.96026915034,0.7888,-26.77343324801,0.7115,4066823894577350016,-1.8502,1.0331,0.3045,0.0298,-0.4014
266.95840265594,0.036,-26.77296148484,0.0322,4066823894598671872,0.4331,0.0417,-0.0396,-0.0246,-0.3015
266.95994748392,1.5682,-26.77178117957,1.2814,4066823894585444736,-0.2315,1.4343,0.2775,0.3137,-0.094
266.95720801019,0.3042,-26.77153853188,0.2586,4066823894577387136,0.4904,0.2933,0.3988,0.187,-0.0381
266.95441616742,0.785,-26.77168634655,0.7165,4066823890282977664,1.7343,0.9864,0.2318,-0.2066,-0.3718
266.95678731204,0.0553,-26.76955207528,0.0445,4066823894598683008,0.2488,0.0736,0.1089,-0.4121,-0.3578
266.95648437675,0.4525,-26.77042201715,0.3927,4066823890282980864,0.4307,0.4453,0.4383,0.1926,-0.0485
266.95694290349,2.3066,-26.77080086271,2.2878,4066823894585458816,1.0551,2.6554,0.6211,-0.0123,-0.6067
266.9581748101,0.6709,-26.76892074759,0.6641,4066823894577401472,-0.6816,0.8281,0.1945,-6.0E-4,-0.4617
266.95594128856,0.0348,-26.76764772548,0.0318,4066823894598690304,1.3449,0.0445,0.0805,-0.1797,-0.4381
266.93575748117,0.4989,-26.78435241418,0.4694,4066823924642695296,0.3292,0.618,0.2458,-0.1048,-0.4318
266.93705403631,0.5348,-26.78535683318,0.4956,4066823928937154048,2.1367,0.677,0.2381,-0.0977,-0.4012
266.93645919511,1.1363,-26.78415650898,1.0197,4066823928937167872,2.298,1.0794,0.5474,0.1546,-0.1986
266.93502016588,0.8268,-26.78274419937,0.7864,4066823928937184256,0.3551,0.9193,0.3702,0.0497,-0.3855
266.93504807514,1.1592,-26.78433578969,1.0494,4066823928937173504,-2.2741,1.2862,0.297,0.0224,-0.3294
266.93570651393,1.7292,-26.78398323253,1.4979,4066823928937169408,0.1582,1.3843,0.2127,0.2221,-0.1914
266.93399991381,0.6077,-26.78230180715,0.5256,4066823924637210752,0.6559,0.352,0.8644,0.4561,0.3171
266.93378485892,0.1748,-26.78297973756,0.1634,4066823928937190016,0.7223,0.1939,0.3565,-0.0681,-0.3747
266.93113035916,0.7786,-26.78151771559,0.7315,4066823928937217408,2.519,0.8287,0.4224,0.0613,-0.3313
266.92954477579,0.0682,-26.78228839721,0.0637,4066823928958443392,0.6345,0.0757,0.2613,-0.071,-0.3735
266.93246680442,0.6816,-26.78016667842,0.6336,4066823928937220352,1.3279,0.741,0.4024,-0.0039,-0.3232
266.93419929639,1.4109,-26.78103033427,1.2439,4066823928948900608,2.3964,1.1498,0.1851,0.1468,-0.1701
266.93684742532,0.6629,-26.77975821591,0.6515,4066823924642697088,-0.2603,0.8603,0.2584,0.1428,-0.4662
266.93954366783,0.5937,-26.7812389462,0.6187,4066823928958429056,-0.521,0.865,0.1142,0.069,-0.5728
266.94238784556,0.4155,-26.77946978928,0.3938,4066823928937164672,1.2419,0.4998,0.2141,-0.1454,-0.4634
266.94180769902,0.4588,-26.78054471089,0.4787,4066823928937159296,0.7356,0.675,0.1296,0.0622,-0.5785
266.94041763759,0.7203,-26.77784088721,0.6862,4066823924642701568,-0.4157,0.9149,0.2437,-0.0945,-0.4551
266.94375701201,1.4244,-26.77832696803,1.2791,4066823928948893568,2.4562,1.1091,0.3112,0.2028,-0.1487
266.9429327229,0.4298,-26.77900271441,0.3815,4066823924637225088,1.6302,0.48,0.2512,-0.1893,-0.2914
266.94403392184,0.4574,-26.77653135757,0.4301,4066823924642705152,0.2841,0.5764,0.2035,-0.1474,-0.3385
266.94312781757,1.5442,-26.77512046772,1.3854,4066823928948889600,0.7652,1.4533,0.0268,0.1225,-0.2151
266.93729886185,1.3387,-26.77753421335,1.2158,4066823928937208192,1.062,1.5452,0.3763,0.299,-0.3656
266.93806463901,0.9281,-26.77901417897,0.9569,4066823924642698752,0.8996,1.3337,0.0248,0.208,-0.5901
266.93928951817,0.7222,-26.77794782039,0.7481,4066823928937193856,-0.1881,1.0414,0.1241,0.1223,-0.571
266.93603023714,0.6637,-26.77734561223,0.6697,4066823924642695808,2.2015,0.9022,0.2521,0.0728,-0.5192
266.93699281478,1.0001,-26.77558001285,1.0006,4066823928959864576,-1.4588,1.257,0.0505,0.201,-0.523
266.93743884902,0.6017,-26.77672164109,0.5896,4066823928937213568,-1.6951,0.7498,0.2666,0.1997,-0.4628
266.94056063159,1.4437,-26.77651113034,1.3249,4066823928937197312,-2.1867,1.3358,0.5038,0.0748,-0.2355
266.94162295323,0.6181,-26.77444335985,0.589,4066823924642702592,-0.6838,0.6817,0.3986,0.0196,-0.3236
266.94152164256,1.8077,-26.77513450743,1.7684,4066823928948891648,2.0674,1.6136,-0.2015,-0.1342,0.3837
266.93849519856,0.4519,-26.77520035348,0.4224,4066823924642699648,0.6548,0.5028,0.3862,-0.0227,-0.3471
266.93825451429,0.1369,-26.77408698325,0.1392,4066823924652033408,0.7149,0.1796,0.1732,0.0779,-0.5264
266.94127218167,0.5309,-26.77347049059,0.4954,4066823928937213440,0.4494,0.6006,0.3613,-0.0388,-0.2909
266.9404607064,0.8533,-26.77248062479,0.8233,4066823928958444800,0.5442,1.0147,0.1411,0.2781,-0.4425
266.94045796857,1.3764,-26.77365009317,1.2349,4066823928948890368,4.0482,1.1366,0.2165,0.2122,-0.1706
266.92945732301,0.5307,-26.77959260063,0.4992,4066823924642688256,-0.9221,0.6442,0.3278,-0.1246,-0.4295
266.92734419834,1.1624,-26.7803505081,1.013,4066823928943501568,0.5057,0.9952,0.562,0.2844,-0.12
266.9284801139,1.9969,-26.77862767874,1.8969,4066823928949919232,-2.1912,1.7994,0.4986,-0.2216,-0.4875
266.93208143978,1.1556,-26.77726529872,1.0032,4066823928943500288,-0.9663,0.9962,0.5759,0.3129,-0.1392
266.93374067766,0.9183,-26.7777744524,0.8935,4066823928937231744,2.2027,1.1187,0.329,0.0496,-0.4427
266.93408378546,0.2762,-26.77651636601,0.2791,4066823928958448896,0.3429,0.3822,0.19,0.0784,-0.537
266.9287967789,0.1787,-26.77703736926,0.1608,4066823924637233536,0.5693,0.1675,0.5504,0.0761,-0.1827
266.92659602092,0.8691,-26.77690425302,0.8143,4066823928937292160,-1.9651,0.9969,0.4036,-0.0644,-0.3864
266.92640482146,0.2717,-26.77609064061,0.2467,4066823924637235968,0.344,0.2702,0.4651,0.0805,-0.2433
266.92910860294,0.2636,-26.77261070066,0.2484,4066823928943510272,0.2838,0.3189,0.3278,0.1778,-0.4009
266.93607241051,0.5376,-26.77584687638,0.5323,4066823928937230976,0.0929,0.7103,0.2502,0.1882,-0.5016
266.93663553669,0.2628,-26.77407767296,0.2407,4066823928958447488,0.4717,0.2675,0.5016,-0.0058,-0.2834
266.93270012067,0.7244,-26.77481678257,0.6722,4066823928958454400,3.1739,0.8438,0.4132,0.1678,-0.3681
266.93472970452,0.6092,-26.77244458448,0.5732,4066823928937271296,0.3162,0.7187,0.3622,-0.0517,-0.3932
266.93513219313,0.3486,-26.77308426513,0.3275,4066823924637247616,-0.0782,0.4244,0.3576,0.1558,-0.3926
266.93733233813,0.7176,-26.77417141743,0.6773,4066823928937236864,1.4727,0.7728,0.417,0.0878,-0.3526
266.93754454873,0.8022,-26.7731682568,0.747,4066823928937244928,-0.949,0.8884,0.3832,0.0358,-0.3276
266.93875234177,0.2,-26.77078072766,0.1854,4066823924637254912,0.2604,0.2311,0.3128,-0.0876,-0.3216
266.93956881727,1.0573,-26.77141867697,0.9807,4066823928943499648,1.0275,0.9888,0.4618,0.124,-0.1771
266.93855469654,0.3376,-26.7712763468,0.3221,4066823928937253376,1.7304,0.4082,0.2347,-0.0593,-0.3893
266.93854133048,1.5178,-26.77266112007,1.596,4066823928948891264,0.6861,1.5111,0.3111,-0.1217,-0.5578
266.93729660851,0.8352,-26.77048707131,0.7637,4066823924642697856,-1.6867,0.7708,0.5753,0.164,-0.108
266.93245258963,0.6552,-26.77227206435,0.6491,4066823924642691328,1.222,0.8867,0.2562,0.1425,-0.4934
266.93035668141,0.0583,-26.77221714776,0.0555,4066823924637255808,0.9602,0.0653,-0.139,0.2536,-0.5071
266.93149775859,0.2665,-26.77129056995,0.2367,4066823928943508096,0.5657,0.3078,0.239,0.157,-0.2801
266.93476078266,0.6929,-26.76715164005,0.6575,4066823924642693760,-0.1061,0.8476,0.2506,-0.0414,-0.4173
266.94632181685,0.3438,-26.77480333153,0.3314,4066823963296910720,0.8682,0.4329,0.2018,-0.0558,-0.377
266.94577718741,0.9413,-26.77201959511,0.8918,4066823963296935936,-1.0253,1.0944,0.3068,-0.0488,-0.2682
266.94827906526,0.0312,-26.77227350663,0.0287,4066823963318170496,0.6406,0.0396,0.047,-0.1817,-0.4404
266.94859275394,0.2165,-26.77413316602,0.1937,4066823959002447360,0.2433,0.25,0.2686,-0.1653,-0.2995
266.94799394454,0.6931,-26.77097004911,0.6347,4066823963296928256,-0.3249,0.8134,0.3659,-0.0211,-0.3555
266.94745047723,1.4033,-26.77033725142,1.1954,4066823963304962048,-0.8303,1.5353,0.2861,-0.0623,-0.318
266.94204155924,1.3067,-26.77335312618,1.1843,4066823963308627328,2.9898,1.1547,-0.0012,0.2004,-0.2944
266.9418033574,0.2339,-26.77120910803,0.2276,4066823959002441088,0.5227,0.2962,0.2537,-0.0736,-0.4271
266.94602648899,0.2584,-26.76979132975,0.2302,4066823959002445184,0.177,0.3017,0.3145,-0.2072,-0.2947
266.9436796168,1.0966,-26.76942738016,1.0521,4066823963296968832,-1.7549,1.3868,0.2221,0.2141,-0.3835
266.94531670092,0.8114,-26.76963282516,0.7648,4066823963296949120,-3.4984,0.9625,0.2484,-0.1019,-0.2789
266.95065325621,0.541,-26.77051102639,0.5125,4066823963296915072,1.4847,0.5787,0.4205,0.0371,-0.3037
266.95249455952,0.9374,-26.76959163346,0.8287,4066823959002452224,0.5531,1.0129,0.4653,0.0596,-0.2868
266.95008401189,1.3848,-26.76820075719,1.1694,4066823963304963968,3.4448,1.3286,0.4418,0.2239,-0.3023
266.95350122159,0.4189,-26.76823547312,0.4013,4066823963318169856,1.0335,0.5156,0.2274,-0.0244,-0.3959
266.95159335631,0.3479,-26.76646774968,0.316,4066823959011829376,1.1323,0.3971,0.3782,-0.0654,-0.3503
266.95403561496,0.1323,-26.76494126631,0.1193,4066823963318176384,0.5889,0.151,0.391,-0.0976,-0.3396
266.94813516082,1.2141,-26.7666504665,1.0647,4066823963304975616,0.2297,1.2718,0.3641,-0.0598,-0.3535
266.94864655233,1.2803,-26.76599184462,1.0475,4066823963304977792,-0.4351,1.1816,0.5518,0.1663,-0.1258
266.94787615568,0.5973,-26.7649379899,0.56,4066823963296978560,0.1993,0.6481,0.4038,0.0243,-0.28
266.95190228618,0.2481,-26.76561211028,0.2189,4066823958997014144,-0.2963,0.2582,0.5058,0.0177,-0.2326
266.95093584139,0.0742,-26.76420974979,0.0673,4066823963318181504,0.988,0.0891,0.3315,-0.1733,-0.395
266.95221197597,0.0833,-26.76305884718,0.075,4066823963318181632,0.7863,0.0977,0.3421,-0.1372,-0.3528
266.93833228444,0.2295,-26.76892799599,0.2114,4066823959002437888,0.1946,0.2612,0.3033,-0.0975,-0.3131
266.94041917007,0.5299,-26.76774002302,0.4989,4066823963297007872,1.1188,0.6474,0.2525,-0.102,-0.3153
266.94020783423,0.7369,-26.76825443991,0.7003,4066823963297003264,-0.257,0.8977,0.2944,-0.0739,-0.3758
266.93965519899,0.232,-26.76813331,0.2138,4066823963318193280,0.1785,0.2404,0.4529,-6.0E-4,-0.2108
266.94346491686,0.8625,-26.7666034094,0.7904,4066823963296995200,1.429,1.0084,0.3875,-0.0579,-0.2765
266.94193735581,1.8149,-26.76652098056,1.614,4066823963303241344,1.5485,1.6687,0.4586,0.3155,-0.1233
266.94117475266,0.4148,-26.7666653517,0.3922,4066823963297012224,0.1895,0.4923,0.2994,-0.0586,-0.306
