source_id,l,b,ra,ra_error,dec,dec_error,parallax,parallax_error,pmra,pmra_error,pmdec,pmdec_error,pmra_pmdec_corr,ra_dec_corr,ra_parallax_corr,ra_pmra_corr,ra_pmdec_corr,dec_parallax_corr,dec_pmra_corr,dec_pmdec_corr,parallax_pmra_corr,parallax_pmdec_corr,G,BP,RP,G_error,BP_error,RP_error,radial_velocity,radial_velocity_error,ruwe,astrometric_excess_noise,astrometric_params_solved,bp_rp,g_rp
4707563810327288192,308.1485219670823,-50.028546607645126,4.349247079528855,0.01497035,-66.75350046272843,0.014266296,27.156649726132354,0.017118193,102.89274740515297,0.018702347,-16.833050496388324,0.020608887,-0.3734208,-0.36279178,0.24058923,-0.354741,0.13245541,-0.20665284,0.18998486,0.039353203,-0.14370155,-0.27156958,11.335466,12.668004,10.191122,0.0012192753015320603,0.004718486234059966,0.0025423201482138143,9.417762,0.5317532,0.9501123,0.15424228,31,2.476882,1.1443443
3231945508509506176,197.63805577474466,-23.76223190477203,74.89531686420116,0.011033481,1.7830976094866862,0.006489067,40.98991853704772,0.012788684,39.13015332083248,0.014904051,-94.90036144196907,0.012395147,-0.0047795116,0.14106971,-0.06464794,-0.093976974,0.22303219,-0.16209905,0.112351865,-0.009418416,0.18287697,-0.03514122,9.322068,10.258825,8.3573885,0.001152327819949918,0.00424187567874703,0.002698799247940261,18.539537,0.25431377,0.89986295,0.06473707,31,1.9014368,0.9646797
4764027962957023104,265.8601958592761,-37.373966389261525,75.19666437541598,0.01150079,-57.25674085176277,0.012371301,37.21185747681589,0.01258996,35.38835067056905,0.013713697,74.11315957504551,0.016026745,-0.1760483,-0.03267908,0.31268618,0.041526005,-0.09661277,0.24840245,0.032586448,-0.34388924,0.13182154,-0.28161648,9.37731,10.327255,8.403519,0.0022884508439082766,0.009171815700723748,0.006069330621354108,18.541079,0.2166527,1.0049267,0.087685585,31,1.9237366,0.9737911
4792774797545800832,258.3633942321327,-30.61166864091967,86.82123452009108,0.13713108,-51.066136257823345,0.13109376,50.930690628822894,0.14821085,5.160196860824648,0.20174596,84.0405295978282,0.18706723,-0.027587743,0.00847806,-0.056275014,-0.12560704,0.0077418596,0.23945192,0.06373162,-0.018058937,0.21152611,0.10135513,3.8232422,3.9215844,3.660152,0.002257331371102855,0.006199324592364423,0.00268579550548628,16.84059,0.33607236,3.0716627,1.3861632,95,0.2614324,0.16309023
5266270443442455040,282.67061716012773,-28.236182944922643,94.617421485248,0.011083511,-72.04451593391462,0.01281624,25.565848170862576,0.012625929,-7.708823631348371,0.015925018,74.4117174704906,0.014522444,-0.13481227,-0.1564616,0.011650457,0.28868473,-0.04901179,0.52445793,0.029735703,-0.20240538,0.1923502,-0.13438846,9.272832,9.907029,8.494364,0.0026131349681624617,0.0095949564588349,0.006761547456447801,,,0.84345603,0.018951438,31,1.4126654,0.77846813
5935776714456619008,334.4905576605974,-6.670277249741107,254.33434987265738,0.07857508,-53.725819100710595,0.053676408,19.690114269172554,0.09370189,-12.865306382857458,0.10607906,-85.26419861742961,0.08212297,0.4603029,0.33027223,-0.21469289,-0.16081403,-0.4363248,-0.0039007915,-0.41405404,-0.23492315,-0.074410185,0.049137596,11.349149,12.647818,10.218665,8.577932642948468E-4,0.002242104728886231,9.693752418627101E-4,0.9151818,0.3997561,4.047649,0.8026847,31,2.4291525,1.1304836
5814416056916139520,323.51054132895297,-15.40987239011299,255.53882365063393,0.009992091,-67.57953277783221,0.014199625,24.193002746963113,0.02088967,-20.360594261037175,0.015471632,-99.52672696695579,0.019359045,-0.07035233,0.07240832,-0.048206616,0.08720448,-0.1360416,0.04035715,-0.12225037,-0.143213,-0.16675754,0.112967014,12.744769,14.313058,11.522308,4.7558859874184185E-4,0.00166985175692824,7.975016172180969E-4,6.1718082,0.60914993,1.2859206,0.16862063,31,2.7907495,1.2224607
5963633872326630272,341.6423600257046,-2.2208267482430415,255.66719100655982,0.016066507,-45.366923804811975,0.011018356,31.300394911766826,0.019500514,-20.0993455616298,0.022921687,-137.84531327945794,0.020121928,-0.23440804,-0.02064119,-0.18496014,-0.17488559,0.012984722,-0.16124046,0.15697797,-0.5894481,-0.019793607,0.31660497,10.698547,11.898759,9.607271,0.0012620352144019082,0.005506562667752012,0.003359301278714451,-3.6494372,0.4274897,0.95198166,0.099907294,31,2.2914877,1.0912762
5921821644117633152,338.83162241318735,-12.275357084534962,266.1773640451532,0.020113038,-53.2634598126866,0.017619751,18.8081391150079,0.023029324,-1.2459997263053304,0.023134679,-82.97453001470056,0.019168794,0.10639158,0.35697752,-0.15550081,-0.35513458,-0.3542498,-0.1811183,-0.28030363,-0.55995166,-0.096556306,0.24141166,12.871623,14.426831,11.65328,5.612165581534831E-4,0.002605318543128747,0.001831217292686881,1.903264,6.1965413,1.211214,0.17507918,31,2.773551,1.2183428
5945104588806333824,339.26083402478355,-12.70331756920968,267.14060330287913,0.015688913,-53.10354191049836,0.013617577,13.048541865228753,0.018813588,-1.7132020776968508,0.018519405,-55.955820929292905,0.01463556,0.06109916,0.31811014,-0.11914856,-0.37880036,-0.32138807,-0.37956697,-0.2185428,-0.5743702,-0.13674496,0.3706703,12.873024,14.214628,11.726957,0.0013830456145064972,0.006639112668054494,0.0035360473182626025,2.9057746,2.3062968,1.0666941,0.108884685,31,2.487671,1.1460667
4050178830427649024,0.8588230638519622,-4.191598835374937,271.06743666995004,0.018423684,-30.308057049530873,0.0150901275,18.150847259756727,0.019734418,3.4183167269067973,0.021999974,-65.22242651766689,0.015814029,0.042139135,-0.059822995,-0.052709278,-0.069422826,-0.06357514,-0.09127223,-0.09677368,-0.377083,-0.043336675,0.23381868,11.737777,12.961247,10.629583,0.0017714429039389012,0.008405590454296064,0.005001597124483873,-7.1862693,1.5437812,0.65540504,0.0,31,2.331664,1.1081934
6648834361774839040,336.7320862711255,-16.69597360736375,271.47885087292076,0.016795643,-57.07553098674,0.016174564,17.713915273298593,0.020027917,0.8863560568595088,0.019722763,-72.94610130878347,0.01722364,0.23999345,0.33187616,-0.11739206,-0.29774427,-0.3218557,-0.33577088,-0.27733123,-0.5294991,-0.03044578,0.30642375,12.356893,13.791909,11.17145,0.001452571822123529,0.007177088233618434,0.0036987223701387462,-1.1698399,1.5858866,1.2391201,0.15330556,31,2.6204596,1.1854429
6653162456161626368,339.37938952420416,-16.097557815611108,272.37382193244247,0.02224233,-54.515278069172396,0.02073218,25.668764259851837,0.029854761,4.71467050685485,0.027404752,-108.17086669032606,0.023248354,2.497469E-4,0.39737752,-0.23724197,-0.24009876,-0.26115298,-0.2833738,-0.1164916,-0.4938001,-0.079808444,0.31825516,13.335622,15.39053,12.001866,6.068374658418437E-4,0.002864358620690576,0.0010382945727452535,-2.2881572,2.2821047,1.4395128,0.209081,31,3.3886633,1.3337555
6647518766053564544,335.6938101266546,-18.604936561710492,274.0517039052414,0.018606769,-58.73552851652478,0.018438362,32.98469752051542,0.02915196,14.145173894847899,0.022896415,-146.5443738635024,0.020895725,-0.37671015,-0.108344555,-0.064823136,0.20995854,0.061591677,-0.30472383,0.19120426,-0.014358464,-0.28872183,0.080161564,11.534587,13.076847,10.315133,0.0015515752331830594,0.005161784776689003,0.002734108876503027,2.9897323,1.3558596,1.3678794,0.22750449,31,2.761714,1.2194538
6721666531703090432,350.2825996238718,-14.751763626974302,277.0688199412653,0.0155673465,-44.363494248052,0.014859859,12.421280130848341,0.01863552,5.011941695346746,0.018550724,-51.282229943761365,0.015271334,0.38626042,0.36192185,0.014151639,-0.35955077,-0.19999371,-0.3808268,-0.12084436,-0.59561974,-0.19778119,0.26512098,12.585707,13.828843,11.478806,0.001640603009169676,0.006863458132880768,0.0037489500563972432,-2.5647624,2.1495976,1.0818495,0.09742966,31,2.3500376,1.1069012
6709580695582315648,349.74189211760273,-15.040719972464142,277.1468562670437,0.012732089,-44.958017535535774,0.011506812,11.961729192778005,0.014967625,4.810563174515897,0.014736632,-49.523416471276505,0.012058114,0.22095631,0.24856706,-0.06411426,-0.24702775,-0.1213066,-0.27700862,-0.058859184,-0.50815195,-0.17314744,0.18512665,11.619796,12.519143,10.676586,0.001382771457146856,0.004615750459744397,0.0031284971858549027,-2.3833642,0.6294328,1.0097716,0.093882926,31,1.842557,0.94320965
6649788119394186112,339.7773475864629,-20.93634284667386,280.52908164951845,0.014913105,-55.90745659677929,0.014148529,19.435462582119055,0.022876842,12.011120213877113,0.017143525,-79.06763821438693,0.013765272,-0.30903813,-0.19236276,0.018622262,0.049025208,0.30512926,-0.29000637,0.40109128,-0.03939713,-0.44488525,0.14175005,12.330543,13.780916,11.142457,0.002971867847086909,0.014745278821346838,0.007633864205013857,0.19705355,1.2789677,1.262503,0.16099875,31,2.6384592,1.1880856
6643589352010758400,342.77846318484274,-26.247260379506862,290.745785785032,0.01754473,-54.538414066989446,0.01777768,20.930631023118668,0.028598385,24.402797199941578,0.021980658,-82.18575722363535,0.016334595,-0.019616595,-0.05584255,0.22869448,-0.36547226,0.25018296,-0.48974267,0.45160818,0.009368904,-0.6035892,0.014515462,6.9362173,7.161254,6.550911,2.2536429754585225E-4,9.170226762677383E-4,8.47885452207174E-4,0.07390876,0.13064632,0.9608335,0.1375782,31,0.610343,0.38530636
6663346029775435264,351.9137348233653,-24.52016002290496,290.90932691211736,0.015634116,-46.109044533758976,0.01300566,14.03126471063306,0.018158177,18.070257780807882,0.019028611,-57.25246009217189,0.013999676,-0.24797623,-0.17259765,0.13739398,0.072760664,0.14180297,-0.20325209,0.17139086,0.38735363,-0.20525502,-0.0074211564,11.209827,12.071093,10.281577,0.0011999775698352585,0.0041643009733475225,0.002737358025941866,-1.2851719,0.4912013,1.2755262,0.13780452,31,1.7895155,0.9282503
6742986538895222144,3.8311409231211417,-21.413349384694992,291.1457820661295,0.025963306,-34.71127088024054,0.025141794,19.399853830243902,0.030742496,26.374187264149928,0.033325057,-75.59806962845617,0.02873891,0.07144262,0.1274276,-0.021631628,-0.04786043,-0.17152224,-0.41928047,-0.08571772,-0.16676229,-0.15505128,0.09064356,12.77467,14.499736,11.509842,7.489596353057192E-4,0.0028661302841028803,0.0012621419295149982,-1.419557,2.2122583,1.4970189,0.2255234,31,2.989894,1.2648277
6754492966739292928,13.170867187744152,-23.796719014215686,297.06895872301897,0.01899691,-27.34244214415164,0.012087784,15.468447741502288,0.020978637,25.15116891285639,0.021924214,-53.380226042534076,0.0126058785,-0.22055258,-0.18399581,0.11817967,-0.014913269,-0.12618399,-0.20401497,-0.13331802,0.61308724,-0.071416005,-0.28258166,12.20663,13.404496,11.114284,8.186242419750403E-4,0.004268095874637916,0.0022179890312829732,-6.2018757,1.2628995,1.2671179,0.12761721,31,2.2902126,1.0923462
6747106443324127488,7.8935545129309865,-28.311741965135777,300.40504194340247,0.015699025,-33.22083141923273,0.012718262,16.67788900293377,0.017929755,29.232385219972066,0.018795373,-61.38600853654806,0.014477894,0.0027568073,0.05641608,0.049938668,0.0027868045,-0.06483114,-0.17624174,-0.048140164,0.16798967,-0.13578442,-0.08861973,11.455245,12.507052,10.435384,8.750640242914712E-4,0.0032316603807943348,0.001980736171180227,-4.128671,0.4594157,1.0910399,0.13389698,31,2.0716686,1.0198612
6847146784384459648,16.015601271497903,-27.829917291293068,302.2719316547327,0.01687128,-26.224333009658217,0.013579282,19.957325086214112,0.021367421,40.33578487499655,0.021192247,-67.41690060565291,0.014353083,0.17363364,0.22309066,-0.03209959,-0.045000203,-0.078450084,-0.23025708,0.0052342885,0.26345247,-0.43972844,-0.08793194,7.076727,7.299412,6.6926794,2.6503027610233764E-4,8.943546133336875E-4,5.905390491011973E-4,-6.134498,0.1540332,0.8782802,0.11276691,31,0.60673237,0.3840475
6800238044930953600,18.24751904769576,-33.000174077295085,308.40691571574945,0.033101093,-25.94813996441554,0.025408262,22.903079455111634,0.040336058,53.82927596218357,0.03751643,-74.28932213083957,0.030111829,0.3011594,0.24230838,0.08023976,-0.04017869,-0.20222406,-0.18297179,-0.10309547,0.11384903,-0.32481298,-0.26913616,13.08431,15.111928,11.752838,7.188396464072713E-4,0.002406854938646519,0.0016400485889517397,,,1.9612122,0.32462835,31,3.3590899,1.3314714
6833292181958100224,29.25167940985478,-38.94667040709297,317.5227489126817,0.025491128,-19.333074282901055,0.016454902,30.89793861553371,0.028865062,90.61036230113763,0.032350417,-90.99489799538566,0.021991955,0.12852661,0.25230786,-0.13397476,-0.06749656,-0.16239487,0.05951488,-0.14262913,-0.4001701,-0.25203517,-0.17170592,10.80644,12.095318,9.674355,0.0018926340391176482,0.009258462735094482,0.005024849098350903,-6.4346495,0.8800502,1.1778432,0.1539311,31,2.4209633,1.1320858
6382640367603744128,315.92765641714533,-42.024522688100085,340.70523481724115,0.00821972,-71.70612167520389,0.010937887,27.231483378389388,0.011345515,94.85392450898829,0.009851635,-52.38401799984418,0.0128683755,-0.12469477,-0.28288123,0.0116601065,-0.086009435,0.18886746,-0.18247856,0.2113274,-0.27486125,-0.2809246,-0.19686449,9.821707,10.665428,8.915227,0.0012426370613083115,0.004516426869746273,0.00319601117894077,7.0229354,0.21187687,0.9250941,0.06582516,31,1.7502012,0.90647984
